employee_name,employee_number,state,zip,dob,sex,maritaldesc,citizendesc,hispanic_latino,racedesc,date_of_hire,date_of_termination,reason_for_term,employment_status,department,position,manager_name,employee_source,performance_score,pay_rate,employee_id,manager_id,source_id,department_id,pay_rate_num,performance_score_num,tenure_days,tenure_years
"Brown, Mia",1103024456,MA,1450,1987-11-24,Female,Married,US Citizen,No,Black or African American,2008-10-27,,N/A - still employed,Active,Admin Offices,Accountant I,Brandon R. LeBlanc,Diversity Job Fair,Fully Meets,28.5,1103024456,mgr_fae735f9,src_586af9b7,dept_91003c09,28.5,2.0,6207,16.993839835728952
"LaRotonda, William",1106026572,MA,1460,1984-04-26,Male,Divorced,US Citizen,No,Black or African American,2014-01-06,,N/A - still employed,Active,Admin Offices,Accountant I,Brandon R. LeBlanc,Website Banner Ads,Fully Meets,23,1106026572,mgr_fae735f9,src_32925118,dept_91003c09,23.0,2.0,4310,11.800136892539356
"Steans, Tyrone",1302053333,MA,2703,1986-09-01,Male,Single,US Citizen,No,White,2014-09-29,,N/A - still employed,Active,Admin Offices,Accountant I,Brandon R. LeBlanc,Internet Search,Fully Meets,29,1302053333,mgr_fae735f9,src_7b0a226c,dept_91003c09,29.0,2.0,4044,11.071868583162217
"Howard, Estelle",1211050782,MA,2170,1985-09-16,Female,Married,US Citizen,No,White,2015-02-16,,N/A - still employed,Active,Admin Offices,Administrative Assistant,Brandon R. LeBlanc,Pay Per Click - Google,N/A- too early to review,21.5,1211050782,mgr_fae735f9,src_14b168ca,dept_91003c09,21.5,,3904,10.688569472963723
"Singh, Nan",1307059817,MA,2330,1988-05-19,Female,Single,US Citizen,No,White,2015-05-01,,N/A - still employed,Active,Admin Offices,Administrative Assistant,Brandon R. LeBlanc,Website Banner Ads,N/A- too early to review,16.56,1307059817,mgr_fae735f9,src_32925118,dept_91003c09,16.56,,3830,10.485968514715948
"Smith, Leigh Ann",711007713,MA,1844,1987-06-14,Female,Married,US Citizen,No,Asian,2011-09-26,2013-09-25,career change,Voluntarily Terminated,Admin Offices,Administrative Assistant,Brandon R. LeBlanc,Diversity Job Fair,Fully Meets,20.5,711007713,mgr_fae735f9,src_586af9b7,dept_91003c09,20.5,2.0,5143,14.080766598220396
"LeBlanc, Brandon R",1102024115,MA,1460,1984-06-10,Male,Married,US Citizen,No,White,2016-01-05,,N/A - still employed,Active,Admin Offices,Shared Services Manager,Janet King,Monster.com,Fully Meets,55,1102024115,mgr_bab8c0b5,src_5c4df046,dept_91003c09,55.0,2.0,3581,9.804243668720055
"Quinn, Sean",1206043417,MA,2045,1984-11-06,Male,Married,Eligible NonCitizen,No,Black or African American,2011-02-21,2015-08-15,career change,Voluntarily Terminated,Admin Offices,Shared Services Manager,Janet King,Diversity Job Fair,Fully Meets,55,1206043417,mgr_bab8c0b5,src_586af9b7,dept_91003c09,55.0,2.0,5360,14.674880219028063
"Boutwell, Bonalyn",1307060188,MA,2468,1987-04-04,Female,Married,US Citizen,No,Asian,2015-02-16,,N/A - still employed,Active,Admin Offices,Sr. Accountant,Brandon R. LeBlanc,Diversity Job Fair,90-day meets,34.95,1307060188,mgr_fae735f9,src_586af9b7,dept_91003c09,34.95,2.0,3904,10.688569472963723
"Foster-Baker, Amy",1201031308,MA,2050,1979-04-16,Female,Married,US Citizen,no,White,2009-01-05,,N/A - still employed,Active,Admin Offices,Sr. Accountant,Board of Directors,Other,Fully Meets,34.95,1201031308,mgr_01859a53,src_d0941e68,dept_91003c09,34.95,2.0,6137,16.802190280629706
"King, Janet",1001495124,MA,1902,1954-09-21,Female,Married,US Citizen,Yes,White,2012-07-02,,N/A - still employed,Active,Executive Office,President & CEO,Board of Directors,Pay Per Click - Google,Fully Meets,80,1001495124,mgr_01859a53,src_14b168ca,dept_73727cc9,80.0,2.0,4863,13.314168377823409
"Zamora, Jennifer",1112030816,MA,2067,1979-08-30,Female,Single,US Citizen,No,White,2010-04-10,,N/A - still employed,Active,IT/IS,CIO,Janet King,Employee Referral,Exceptional,65,1112030816,mgr_bab8c0b5,src_3c7e3bf3,dept_03d02545,65.0,4.0,5677,15.542778918548938
"Becker, Renee",1102024056,MA,2026,1986-04-04,Female,Single,US Citizen,Yes,White,2014-07-07,2015-09-12,performance,Terminated for Cause,IT/IS,Database Administrator,Simon Roup,Search Engine - Google Bing Yahoo,Fully Meets,43,1102024056,mgr_8662236e,src_6c6ed671,dept_03d02545,43.0,2.0,4128,11.301848049281315
"Goble, Taisha",905013738,MA,2127,1971-10-23,Female,Single,US Citizen,No,White,2015-02-16,2015-03-15,"no-call, no-show",Terminated for Cause,IT/IS,Database Administrator,Simon Roup,Glassdoor,Fully Meets,48.5,905013738,mgr_8662236e,src_c7894b70,dept_03d02545,48.5,2.0,3904,10.688569472963723
"Hernandez, Daniff",1410071156,MA,1960,1986-08-07,Male,Married,US Citizen,No,Black or African American,2015-02-16,2015-02-22,"no-call, no-show",Terminated for Cause,IT/IS,Database Administrator,Simon Roup,Employee Referral,N/A- too early to review,40.1,1410071156,mgr_8662236e,src_3c7e3bf3,dept_03d02545,40.1,,3904,10.688569472963723
"Horton, Jayne",1105025718,MA,2493,1984-02-21,Female,Single,US Citizen,No,White,2015-03-30,,N/A - still employed,Active,IT/IS,Database Administrator,Simon Roup,Glassdoor,N/A- too early to review,34,1105025718,mgr_8662236e,src_c7894b70,dept_03d02545,34.0,,3862,10.573579739904176
"Johnson, Noelle",1003018246,MA,2301,1986-11-07,Female,Married,US Citizen,No,Asian,2015-01-05,,N/A - still employed,Leave of Absence,IT/IS,Database Administrator,Simon Roup,Glassdoor,90-day meets,40,1003018246,mgr_8662236e,src_c7894b70,dept_03d02545,40.0,2.0,3946,10.803559206023271
"Murray, Thomas",1406068403,TX,78230,1988-07-04,Male,Divorced,US Citizen,No,Black or African American,2014-11-10,,N/A - still employed,Active,IT/IS,Database Administrator,Simon Roup,Diversity Job Fair,Exceptional,35.5,1406068403,mgr_8662236e,src_586af9b7,dept_03d02545,35.5,4.0,4002,10.956878850102669
"Pearson, Randall",1102023965,MA,2747,1984-09-05,Male,Married,US Citizen,No,White,2014-12-01,2016-05-01,performance,Voluntarily Terminated,IT/IS,Database Administrator,Simon Roup,Employee Referral,Fully Meets,41,1102023965,mgr_8662236e,src_3c7e3bf3,dept_03d02545,41.0,2.0,3981,10.899383983572895
"Petrowsky, Thelma",1108027853,MA,1886,1984-09-16,Female,Married,US Citizen,No,Asian,2014-11-10,,N/A - still employed,Active,IT/IS,Database Administrator,Simon Roup,Employee Referral,Exceptional,42.75,1108027853,mgr_8662236e,src_3c7e3bf3,dept_03d02545,42.75,4.0,4002,10.956878850102669
"Roby, Lori",1407068885,MA,1886,1981-10-11,Female,Married,US Citizen,No,White,2015-02-16,,N/A - still employed,Active,IT/IS,Database Administrator,Simon Roup,Employee Referral,Fully Meets,39.55,1407068885,mgr_8662236e,src_3c7e3bf3,dept_03d02545,39.55,2.0,3904,10.688569472963723
"Rogers, Ivan",1203032255,MA,1810,1986-08-26,Male,Married,US Citizen,No,White,2015-03-30,,N/A - still employed,Active,IT/IS,Database Administrator,Simon Roup,Pay Per Click - Google,N/A- too early to review,42.2,1203032255,mgr_8662236e,src_14b168ca,dept_03d02545,42.2,,3862,10.573579739904176
"Salter, Jason",1111030148,MA,2452,1987-12-17,Male,Divorced,US Citizen,No,Black or African American,2015-01-05,2015-10-31,hours,Voluntarily Terminated,IT/IS,Database Administrator,Simon Roup,Vendor Referral,90-day meets,45,1111030148,mgr_8662236e,src_fde39a41,dept_03d02545,45.0,2.0,3946,10.803559206023271
"Simard, Kramer",808010278,MA,2110,1970-02-08,Male,Married,US Citizen,Yes,White,2015-01-05,,N/A - still employed,Active,IT/IS,Database Administrator,Simon Roup,Employee Referral,90-day meets,30.2,808010278,mgr_8662236e,src_3c7e3bf3,dept_03d02545,30.2,2.0,3946,10.803559206023271
"Zhou, Julia",1110029732,MA,2148,1979-02-24,Female,Single,US Citizen,No,White,2015-03-30,,N/A - still employed,Active,IT/IS,Database Administrator,Simon Roup,Employee Referral,90-day meets,31.4,1110029732,mgr_8662236e,src_3c7e3bf3,dept_03d02545,31.4,2.0,3862,10.573579739904176
"Foss, Jason",1192991000,MA,1460,1980-07-05,Male,Single,US Citizen,No,Black or African American,2011-04-15,,N/A - still employed,Active,IT/IS,IT Director,Jennifer Zamora,Professional Society,Exceptional,65,1192991000,mgr_73ea040b,src_d20862d8,dept_03d02545,65.0,4.0,5307,14.529774127310061
"Roup,Simon",1106026933,MA,2481,1973-04-05,Male,Single,US Citizen,No,White,2013-01-20,,N/A - still employed,Active,IT/IS,IT Manager - DB,Jennifer Zamora,Professional Society,Fully Meets,62,1106026933,mgr_73ea040b,src_d20862d8,dept_03d02545,62.0,2.0,4661,12.761122518822724
"Ruiz, Ricardo",1001175250,MA,1915,1964-01-04,Male,Divorced,US Citizen,No,Two or more races,2012-01-09,2015-11-04,hours,Voluntarily Terminated,IT/IS,IT Manager - DB,Jennifer Zamora,Diversity Job Fair,Fully Meets,21,1001175250,mgr_73ea040b,src_586af9b7,dept_03d02545,21.0,2.0,5038,13.793292265571527
"Monroe, Peter",1011022863,MA,2134,1986-10-05,Male,Married,Eligible NonCitizen,Yes,Hispanic,2012-02-15,,N/A - still employed,Active,IT/IS,IT Manager - Infra,Jennifer Zamora,Diversity Job Fair,Needs Improvement,63,1011022863,mgr_73ea040b,src_586af9b7,dept_03d02545,63.0,1.0,5001,13.69199178644764
"Dougall, Eric",1101023754,MA,1886,1970-07-09,Male,Single,US Citizen,No,White,2014-01-05,,N/A - still employed,Active,IT/IS,IT Manager - Support,Jennifer Zamora,Professional Society,Exceeds,64,1101023754,mgr_73ea040b,src_d20862d8,dept_03d02545,64.0,3.0,4311,11.80287474332649
"Clayton, Rick",1301052902,MA,2170,1985-09-05,Male,Single,US Citizen,No,White,2012-09-05,,N/A - still employed,Active,IT/IS,IT Support,Eric Dougall,Glassdoor,Fully Meets,28.99,1301052902,mgr_0248af87,src_c7894b70,dept_03d02545,28.99,2.0,4798,13.136208076659821
"Galia, Lisa",1501072093,CT,6040,1968-07-06,Female,Single,US Citizen,No,White,2010-05-01,,N/A - still employed,Active,IT/IS,IT Support,Eric Dougall,Vendor Referral,Fully Meets,31.4,1501072093,mgr_0248af87,src_fde39a41,dept_03d02545,31.4,2.0,5656,15.485284052019164
"Lindsay, Leonara",602000312,CT,6070,1988-10-05,Female,Single,US Citizen,Yes,Two or more races,2011-01-21,,N/A - still employed,Active,IT/IS,IT Support,Eric Dougall,Diversity Job Fair,Exceeds,26,602000312,mgr_0248af87,src_586af9b7,dept_03d02545,26.0,3.0,5391,14.759753593429158
"Soto, Julia",1203032263,MA,2360,1973-03-12,Female,Married,US Citizen,No,Black or African American,2011-06-10,,N/A - still employed,Active,IT/IS,IT Support,Eric Dougall,Information Session,Fully Meets,27.49,1203032263,mgr_0248af87,src_7c44a21f,dept_03d02545,27.49,2.0,5251,14.376454483230663
"Bacong, Alejandro",1212052023,MA,1886,1988-01-07,Male,Divorced,US Citizen,No,White,2015-01-05,,N/A - still employed,Active,IT/IS,Network Engineer,Peter Monroe,Glassdoor,90-day meets,45,1212052023,mgr_9363a618,src_c7894b70,dept_03d02545,45.0,2.0,3946,10.803559206023271
"Cisco, Anthony",1102024173,MA,2135,1989-11-24,Male,Married,US Citizen,Yes,White,2015-03-30,,N/A - still employed,Active,IT/IS,Network Engineer,Peter Monroe,Information Session,N/A- too early to review,42,1102024173,mgr_9363a618,src_7c44a21f,dept_03d02545,42.0,,3862,10.573579739904176
"Dolan, Linda",1101023540,MA,2119,1988-07-18,Female,Married,US Citizen,No,White,2015-01-05,,N/A - still employed,Active,IT/IS,Network Engineer,Peter Monroe,Employee Referral,90-day meets,37,1101023540,mgr_9363a618,src_3c7e3bf3,dept_03d02545,37.0,2.0,3946,10.803559206023271
"Gonzalez, Maria",1988299991,MA,2472,1981-04-16,Female,Separated,US Citizen,Yes,White,2015-01-05,,N/A - still employed,Active,IT/IS,Network Engineer,Peter Monroe,Employee Referral,Fully Meets,39,1988299991,mgr_9363a618,src_3c7e3bf3,dept_03d02545,39.0,2.0,3946,10.803559206023271
"Merlos, Carlos",1012023013,MA,2138,1987-06-18,Male,Single,US Citizen,No,White,2015-03-30,,N/A - still employed,Active,IT/IS,Network Engineer,Peter Monroe,Vendor Referral,N/A- too early to review,43,1012023013,mgr_9363a618,src_fde39a41,dept_03d02545,43.0,,3862,10.573579739904176
"Morway, Tanya",1001956578,MA,2048,1979-04-04,Female,Married,US Citizen,No,White,2015-02-16,,N/A - still employed,Active,IT/IS,Network Engineer,Peter Monroe,Monster.com,Fully Meets,27,1001956578,mgr_9363a618,src_5c4df046,dept_03d02545,27.0,2.0,3904,10.688569472963723
"Shepard, Anita",906014183,MA,1773,1981-04-14,Female,Married,US Citizen,No,White,2014-09-30,,N/A - still employed,Active,IT/IS,Network Engineer,Peter Monroe,Vendor Referral,Fully Meets,47,906014183,mgr_9363a618,src_fde39a41,dept_03d02545,47.0,2.0,4043,11.069130732375086
"Tredinnick, Neville",1104025466,MA,1420,1988-05-05,Male,Married,US Citizen,No,White,2015-01-05,2015-05-12,medical issues,Voluntarily Terminated,IT/IS,Network Engineer,Peter Monroe,Monster.com,Fully Meets,28,1104025466,mgr_9363a618,src_5c4df046,dept_03d02545,28.0,2.0,3946,10.803559206023271
"Turpin, Jumil",1411071506,MA,2343,1969-03-31,Male,Married,Eligible NonCitizen,No,White,2015-03-30,,N/A - still employed,Active,IT/IS,Network Engineer,Peter Monroe,Employee Referral,N/A- too early to review,49.1,1411071506,mgr_9363a618,src_3c7e3bf3,dept_03d02545,49.1,,3862,10.573579739904176
"Ait Sidi, Karthikeyan",1307060199,MA,2148,1975-05-05,Male,Married,US Citizen,No,White,2015-03-30,2016-06-16,career change,Voluntarily Terminated,IT/IS,Sr. DBA,Simon Roup,Company Intranet - Partner,Fully Meets,62,1307060199,mgr_8662236e,src_664084ed,dept_03d02545,62.0,2.0,3862,10.573579739904176
"Carr, Claudia N",1010022337,MA,1886,1986-06-06,Female,Single,US Citizen,No,Black or African American,2016-06-30,,N/A - Has not started yet,Future Start,IT/IS,Sr. DBA,Simon Roup,Vendor Referral,N/A- too early to review,61.3,1010022337,mgr_8662236e,src_fde39a41,dept_03d02545,61.3,,3404,9.319644079397673
"Favis, Donald",1412071562,CT,6033,1964-07-30,Male,Single,US Citizen,No,Black or African American,2014-02-17,2016-02-19,hours,Terminated for Cause,IT/IS,Sr. DBA,Simon Roup,Vendor Referral,Fully Meets,58.2,1412071562,mgr_8662236e,src_fde39a41,dept_03d02545,58.2,2.0,4268,11.685147159479808
"Roehrich, Bianca",1111030266,MA,2703,1973-05-27,Female,Single,US Citizen,Yes,White,2015-01-05,2015-11-10,Another position,Voluntarily Terminated,IT/IS,Sr. DBA,Simon Roup,Vendor Referral,90-day meets,58.5,1111030266,mgr_8662236e,src_fde39a41,dept_03d02545,58.5,2.0,3946,10.803559206023271
"Daniele, Ann",1411071312,CT,6033,1952-01-18,Female,Married,US Citizen,No,White,2014-11-10,,N/A - still employed,Leave of Absence,IT/IS,Sr. Network Engineer,Peter Monroe,Vendor Referral,Fully Meets,54.1,1411071312,mgr_9363a618,src_fde39a41,dept_03d02545,54.1,2.0,4002,10.956878850102669
"Lajiri, Jyoti",1108028108,MA,2169,1986-04-23,Male,Married,US Citizen,No,White,2014-11-10,,N/A - still employed,Leave of Absence,IT/IS,Sr. Network Engineer,Peter Monroe,Employee Referral,Fully Meets,56.2,1108028108,mgr_9363a618,src_3c7e3bf3,dept_03d02545,56.2,2.0,4002,10.956878850102669
"Semizoglou, Jeremiah",904013591,MA,1545,1983-02-09,Male,Married,US Citizen,No,Asian,2016-06-30,,N/A - Has not started yet,Future Start,IT/IS,Sr. Network Engineer,Peter Monroe,On-campus Recruiting,N/A- too early to review,53.8,904013591,mgr_9363a618,src_90063453,dept_03d02545,53.8,,3404,9.319644079397673
"South, Joe",1308060959,CT,6278,1965-09-09,Male,Single,US Citizen,No,White,2014-11-10,,N/A - still employed,Active,IT/IS,Sr. Network Engineer,Peter Monroe,Employee Referral,90-day meets,53,1308060959,mgr_9363a618,src_3c7e3bf3,dept_03d02545,53.0,2.0,4002,10.956878850102669
"Warfield, Sarah",1301052347,MA,2453,1978-05-02,Female,Widowed,US Citizen,No,Asian,2015-03-30,,N/A - still employed,Active,IT/IS,Sr. Network Engineer,Peter Monroe,Employee Referral,N/A- too early to review,55.2,1301052347,mgr_9363a618,src_3c7e3bf3,dept_03d02545,55.2,,3862,10.573579739904176
"Bramante, Elisa",1006020066,MA,2030,1983-03-19,Female,Single,US Citizen,No,Black or African American,2009-01-05,,N/A - still employed,Active,Production,Director of Operations,Janet King,Other,Exceeds,60,1006020066,mgr_bab8c0b5,src_d0941e68,dept_90a8834d,60.0,3.0,6137,16.802190280629706
"Albert, Michael",1501072311,MA,2169,1968-10-10,Male,Divorced,US Citizen,No,White,2011-08-01,,N/A - still employed,Active,Production,Production Manager,Janet King,Employee Referral,Fully Meets,54.5,1501072311,mgr_bab8c0b5,src_3c7e3bf3,dept_90a8834d,54.5,2.0,5199,14.234086242299794
"Bozzi, Charles",1303054580,MA,1901,1970-03-10,Male,Single,US Citizen,No,Asian,2013-09-30,2014-08-07,retiring,Voluntarily Terminated,Production,Production Manager,Janet King,Billboard,Fully Meets,50.5,1303054580,mgr_bab8c0b5,src_5a602278,dept_90a8834d,50.5,2.0,4408,12.068446269678303
"Butler, Webster L",1110029990,MA,2169,1983-08-09,Male,Single,US Citizen,No,White,2016-01-28,,N/A - still employed,Active,Production,Production Manager,Janet King,Pay Per Click - Google,Exceeds,55,1110029990,mgr_bab8c0b5,src_14b168ca,dept_90a8834d,55.0,3.0,3558,9.741273100616016
"Dunn, Amy",1409070147,MA,1731,1973-11-28,Female,Single,US Citizen,No,White,2014-09-18,,N/A - still employed,Active,Production,Production Manager,Janet King,Search Engine - Google Bing Yahoo,Fully Meets,51,1409070147,mgr_bab8c0b5,src_6c6ed671,dept_90a8834d,51.0,2.0,4055,11.101984941820671
"Gray, Elijiah",1307060077,MA,1752,1981-07-11,Male,Divorced,US Citizen,No,White,2015-06-02,,N/A - still employed,Active,Production,Production Manager,Janet King,Employee Referral,Fully Meets,54,1307060077,mgr_bab8c0b5,src_3c7e3bf3,dept_90a8834d,54.0,2.0,3798,10.39835728952772
"Hogland, Jonathan",1001944783,MA,1890,1972-07-01,Male,Married,US Citizen,No,White,2011-01-10,2015-12-12,attendance,Terminated for Cause,Production,Production Manager,Janet King,Employee Referral,Fully Meets,48.5,1001944783,mgr_bab8c0b5,src_3c7e3bf3,dept_90a8834d,48.5,2.0,5402,14.789869952087612
"Immediato, Walter",1403065874,MA,2128,1976-11-15,Male,Married,US Citizen,No,Asian,2011-02-21,2012-09-24,unhappy,Voluntarily Terminated,Production,Production Manager,Janet King,Other,Needs Improvement,42,1403065874,mgr_bab8c0b5,src_d0941e68,dept_90a8834d,42.0,1.0,5360,14.674880219028063
"Liebig, Ketsia",1103024679,MA,2110,1981-10-26,Female,Married,US Citizen,No,White,2013-09-30,,N/A - still employed,Active,Production,Production Manager,Janet King,Website Banner Ads,Exceeds,55,1103024679,mgr_bab8c0b5,src_32925118,dept_90a8834d,55.0,3.0,4408,12.068446269678303
"Miller, Brannon",1107027351,MA,2045,1981-08-10,Male,Single,US Citizen,yes,Hispanic,2012-08-16,,N/A - still employed,Active,Production,Production Manager,Janet King,Internet Search,Fully Meets,53,1107027351,mgr_bab8c0b5,src_7b0a226c,dept_90a8834d,53.0,2.0,4818,13.190965092402465
"Peterson, Ebonee",1402065355,MA,2030,1977-05-09,Female,Married,US Citizen,No,White,2010-10-25,2016-05-18,Another position,Voluntarily Terminated,Production,Production Manager,Janet King,Internet Search,Fully Meets,38.5,1402065355,mgr_bab8c0b5,src_7b0a226c,dept_90a8834d,38.5,2.0,5479,15.000684462696784
"Spirea, Kelley",1102024149,MA,2451,1975-09-30,Female,Married,US Citizen,No,White,2012-10-02,,N/A - still employed,Active,Production,Production Manager,Janet King,Vendor Referral,Fully Meets,52,1102024149,mgr_bab8c0b5,src_fde39a41,dept_90a8834d,52.0,2.0,4771,13.062286105407255
"Stanley, David",1000974650,MA,1803,1975-12-17,Male,Divorced,US Citizen,No,White,2010-07-20,,N/A - still employed,Active,Production,Production Manager,Janet King,Monster.com,Needs Improvement,53,1000974650,mgr_bab8c0b5,src_5c4df046,dept_90a8834d,53.0,1.0,5576,15.266255989048597
"Sullivan, Kissy",1405067298,MA,1776,1978-03-28,Female,Married,US Citizen,No,Black or African American,2009-01-08,,N/A - still employed,Active,Production,Production Manager,Janet King,Billboard,Fully Meets,55,1405067298,mgr_bab8c0b5,src_5a602278,dept_90a8834d,55.0,2.0,6134,16.79397672826831
"Wallace, Courtney E",1410071026,MA,2478,1955-11-14,Female,Married,US Citizen,No,Black or African American,2011-09-26,2012-01-02,Another position,Voluntarily Terminated,Production,Production Manager,Janet King,Diversity Job Fair,Fully Meets,33.5,1410071026,mgr_bab8c0b5,src_586af9b7,dept_90a8834d,33.5,2.0,5143,14.080766598220396
"Adinolfi, Wilson K",1409070522,MA,1960,1983-07-10,Male,Single,US Citizen,No,White,2011-07-05,,N/A - still employed,Active,Production,Production Technician I,Michael Albert,MBTA ads,Exceeds,20,1409070522,mgr_b5b7b67c,src_fcb8a679,dept_90a8834d,20.0,3.0,5226,14.30800821355236
"Alagbe,Trina",1011022883,MA,1886,1988-09-27,Female,Married,US Citizen,No,White,2008-01-07,,N/A - still employed,Active,Production,Production Technician I,Elijiah Gray,Billboard,Fully Meets,21,1011022883,mgr_bd364829,src_5a602278,dept_90a8834d,21.0,2.0,6501,17.79876796714579
"Anderson, Carol",1001417624,MA,2169,1989-09-08,Female,Divorced,US Citizen,No,White,2011-07-11,2011-09-06,return to school,Voluntarily Terminated,Production,Production Technician I,Webster Butler,Word of Mouth,N/A- too early to review,16,1001417624,mgr_fe41f2e3,src_c17cac09,dept_90a8834d,16.0,,5220,14.291581108829568
"Anderson, Linda",1304055947,MA,1844,1977-05-22,Female,Single,US Citizen,No,White,2012-01-09,,N/A - still employed,Active,Production,Production Technician I,Amy Dunn,MBTA ads,Exceptional,23,1304055947,mgr_9473f62b,src_fcb8a679,dept_90a8834d,23.0,4.0,5038,13.793292265571527
"Athwal, Sam",1301052124,MA,2199,1983-02-18,Male,Widowed,US Citizen,No,White,2013-09-30,,N/A - still employed,Active,Production,Production Technician I,Ketsia Liebig,Employee Referral,N/A- too early to review,22,1301052124,mgr_c88cc88c,src_3c7e3bf3,dept_90a8834d,22.0,,4408,12.068446269678303
"Bachiochi, Linda",1212051409,MA,1902,1970-02-11,Female,Single,US Citizen,No,Two or more races,2009-07-06,,N/A - still employed,Leave of Absence,Production,Production Technician I,Brannon Miller,Diversity Job Fair,Fully Meets,22,1212051409,mgr_740e145e,src_586af9b7,dept_90a8834d,22.0,2.0,5955,16.303901437371664
"Baczenski, Rachael",1307060083,MA,1902,1974-01-12,Female,Married,US Citizen,Yes,Hispanic,2011-01-10,2011-01-12,Another position,Voluntarily Terminated,Production,Production Technician I,David Stanley,Diversity Job Fair,N/A- too early to review,17,1307060083,mgr_4a4deca7,src_586af9b7,dept_90a8834d,17.0,,5402,14.789869952087612
"Barbara, Thomas",1312063507,MA,2062,1974-02-21,Male,Married,US Citizen,Yes,Asian,2012-04-02,2012-09-19,unhappy,Voluntarily Terminated,Production,Production Technician I,Kissy Sullivan,Diversity Job Fair,90-day meets,22,1312063507,mgr_5bab9112,src_586af9b7,dept_90a8834d,22.0,2.0,4954,13.56331279945243
"Barone, Francesco A",1101023679,MA,1810,1983-07-20,Male,Single,US Citizen,No,Two or more races,2012-02-20,,N/A - still employed,Active,Production,Production Technician I,Kelley Spirea,Social Networks - Facebook Twitter etc,Fully Meets,16.76,1101023679,mgr_a2138ea7,src_0dac6dfa,dept_90a8834d,16.76,2.0,4996,13.678302532511978
"Barton, Nader",1212051962,MA,2747,1977-07-15,Male,Divorced,US Citizen,No,White,2012-09-24,2013-04-06,Another position,Voluntarily Terminated,Production,Production Technician I,Michael Albert,On-line Web application,Fully Meets,18,1212051962,mgr_b5b7b67c,src_ede07757,dept_90a8834d,18.0,2.0,4779,13.084188911704311
"Beatrice, Courtney",1403066194,MA,1915,1970-10-27,Female,Single,Eligible NonCitizen,No,White,2011-04-04,,N/A - still employed,Active,Production,Production Technician I,Elijiah Gray,Search Engine - Google Bing Yahoo,Fully Meets,22,1403066194,mgr_bd364829,src_6c6ed671,dept_90a8834d,22.0,2.0,5318,14.559890485968515
"Becker, Scott",1110029777,MA,2452,1979-04-06,Male,Single,US Citizen,No,Asian,2013-07-08,,N/A - still employed,Leave of Absence,Production,Production Technician I,Webster Butler,MBTA ads,Fully Meets,17,1110029777,mgr_fe41f2e3,src_fcb8a679,dept_90a8834d,17.0,2.0,4492,12.2984257357974
"Bernstein, Sean",1109029366,MA,2072,1970-12-22,Male,Single,US Citizen,Yes,White,2012-04-02,,N/A - still employed,Active,Production,Production Technician I,Amy Dunn,Word of Mouth,Fully Meets,16,1109029366,mgr_9473f62b,src_c17cac09,dept_90a8834d,16.0,2.0,4954,13.56331279945243
"Biden, Lowan M",1412071844,MA,2027,1958-12-27,Female,Divorced,US Citizen,No,Asian,2013-08-19,,N/A - still employed,Active,Production,Production Technician I,Ketsia Liebig,Billboard,Fully Meets,22,1412071844,mgr_c88cc88c,src_5a602278,dept_90a8834d,22.0,2.0,4450,12.183436002737851
"Billis, Helen",1308060366,MA,2031,1989-09-01,Female,Married,US Citizen,No,White,2014-07-07,,N/A - still employed,Active,Production,Production Technician I,Brannon Miller,Professional Society,Exceeds,16,1308060366,mgr_740e145e,src_d20862d8,dept_90a8834d,16.0,3.0,4128,11.301848049281315
"Brill, Donna",1406068293,MA,1701,1990-08-24,Female,Married,US Citizen,No,White,2012-04-02,2013-06-15,Another position,Voluntarily Terminated,Production,Production Technician I,David Stanley,Search Engine - Google Bing Yahoo,Fully Meets,20,1406068293,mgr_4a4deca7,src_6c6ed671,dept_90a8834d,20.0,2.0,4954,13.56331279945243
"Bugali, Josephine",1408069635,MA,2043,1969-10-30,Female,Separated,US Citizen,No,Black or African American,2013-11-11,,N/A - still employed,Leave of Absence,Production,Production Technician I,Kissy Sullivan,Diversity Job Fair,Fully Meets,20,1408069635,mgr_5bab9112,src_586af9b7,dept_90a8834d,20.0,2.0,4366,11.953456536618754
"Carey, Michael",1311063114,MA,1701,1983-02-02,Male,Single,US Citizen,No,Black or African American,2014-03-31,,N/A - still employed,Active,Production,Production Technician I,Kelley Spirea,MBTA ads,Fully Meets,20,1311063114,mgr_a2138ea7,src_fcb8a679,dept_90a8834d,20.0,2.0,4226,11.570157426420261
"Chace, Beatrice",1208048062,MA,2763,1951-01-02,Female,Single,US Citizen,No,White,2014-09-29,,N/A - still employed,Active,Production,Production Technician I,Michael Albert,Search Engine - Google Bing Yahoo,Fully Meets,16,1208048062,mgr_b5b7b67c,src_6c6ed671,dept_90a8834d,16.0,2.0,4044,11.071868583162217
"Chan, Lin",1305057282,MA,2170,1979-02-12,Female,Single,US Citizen,No,White,2014-05-12,,N/A - still employed,Active,Production,Production Technician I,Elijiah Gray,Internet Search,Fully Meets,19.5,1305057282,mgr_bd364829,src_7b0a226c,dept_90a8834d,19.5,2.0,4184,11.455167693360712
"Chang, Donovan E",1111030129,MA,1845,1983-08-24,Male,Single,US Citizen,No,White,2013-07-08,,N/A - still employed,Active,Production,Production Technician I,Webster Butler,Newspager/Magazine,Fully Meets,22,1111030129,mgr_fe41f2e3,src_a604ae30,dept_90a8834d,22.0,2.0,4492,12.2984257357974
"Chivukula, Enola",1101023394,MA,1775,1983-08-27,Female,Single,US Citizen,No,White,2011-06-27,2015-11-15,relocation out of area,Voluntarily Terminated,Production,Production Technician I,Amy Dunn,Other,90-day meets,21,1101023394,mgr_9473f62b,src_d0941e68,dept_90a8834d,21.0,2.0,5234,14.329911019849419
"Cierpiszewski, Caroline",1012023295,MA,2044,1988-05-31,Female,Single,Non-Citizen,No,Black or African American,2011-10-03,,N/A - still employed,Active,Production,Production Technician I,Ketsia Liebig,Pay Per Click - Google,Fully Meets,22,1012023295,mgr_c88cc88c,src_14b168ca,dept_90a8834d,22.0,2.0,5136,14.061601642710473
"Clukey, Elijian",1407069280,MA,2134,1980-08-26,Male,Married,US Citizen,No,White,2016-07-06,,N/A - Has not started yet,Future Start,Production,Production Technician I,Brannon Miller,Employee Referral,Exceeds,24.75,1407069280,mgr_740e145e,src_3c7e3bf3,dept_90a8834d,24.75,3.0,3398,9.30321697467488
"Cockel, James",1599991009,MA,2452,1977-09-08,Male,Single,US Citizen,No,White,2013-07-08,,N/A - still employed,Active,Production,Production Technician I,David Stanley,Employee Referral,Fully Meets,15,1599991009,mgr_4a4deca7,src_3c7e3bf3,dept_90a8834d,15.0,2.0,4492,12.2984257357974
"Cole, Spencer",1001450968,MA,1880,1979-08-12,Male,Single,US Citizen,No,Black or African American,2011-07-11,2012-09-23,performance,Terminated for Cause,Production,Production Technician I,Kissy Sullivan,MBTA ads,Needs Improvement,15,1001450968,mgr_5bab9112,src_fcb8a679,dept_90a8834d,15.0,1.0,5220,14.291581108829568
"Cornett, Lisa",1403066069,MA,2189,1977-03-31,Female,Married,US Citizen,Yes,White,2015-01-05,,N/A - still employed,Active,Production,Production Technician I,Kelley Spirea,Billboard,90-day meets,15.75,1403066069,mgr_a2138ea7,src_5a602278,dept_90a8834d,15.75,2.0,3946,10.803559206023271
"Crimmings, Jean",1311063172,MA,1821,1987-04-10,Female,Single,US Citizen,No,White,2016-07-06,,N/A - Has not started yet,Future Start,Production,Production Technician I,Michael Albert,Newspager/Magazine,N/A- too early to review,19.75,1311063172,mgr_b5b7b67c,src_a604ae30,dept_90a8834d,19.75,,3398,9.30321697467488
"Darson, Jene'ya",1001109612,MA,2110,1978-11-05,Female,Married,US Citizen,No,White,2012-07-02,,N/A - still employed,Active,Production,Production Technician I,Elijiah Gray,Billboard,Fully Meets,15,1001109612,mgr_bd364829,src_5a602278,dept_90a8834d,15.0,2.0,4863,13.314168377823409
"DeGweck, James",1306058816,MA,1810,1977-10-31,Male,Married,US Citizen,No,White,2011-05-16,2015-06-08,unhappy,Voluntarily Terminated,Production,Production Technician I,Webster Butler,Billboard,Fully Meets,23.5,1306058816,mgr_fe41f2e3,src_5a602278,dept_90a8834d,23.5,2.0,5276,14.444900752908966
"Desimone, Carl",1501072124,MA,2061,1967-04-19,Male,Married,US Citizen,No,White,2014-07-07,,N/A - still employed,Active,Production,Production Technician I,Amy Dunn,Professional Society,PIP,20,1501072124,mgr_9473f62b,src_d20862d8,dept_90a8834d,20.0,0.5,4128,11.301848049281315
"Dickinson, Geoff",706006285,MA,2180,1982-11-15,Male,Single,US Citizen,No,White,2014-05-12,,N/A - still employed,Active,Production,Production Technician I,Ketsia Liebig,Pay Per Click - Google,Fully Meets,21,706006285,mgr_c88cc88c,src_14b168ca,dept_90a8834d,21.0,2.0,4184,11.455167693360712
"DiNocco, Lily",1209048696,MA,2351,1978-12-02,Female,Married,US Citizen,No,Black or African American,2013-01-07,,N/A - still employed,Active,Production,Production Technician I,Brannon Miller,Pay Per Click - Google,Needs Improvement,22,1209048696,mgr_740e145e,src_14b168ca,dept_90a8834d,22.0,1.0,4674,12.796714579055442
"Dobrin, Denisa S",1202031618,MA,2125,1986-10-07,Female,Single,US Citizen,Yes,White,2012-04-02,,N/A - still employed,Active,Production,Production Technician I,David Stanley,Monster.com,Fully Meets,16.75,1202031618,mgr_4a4deca7,src_5c4df046,dept_90a8834d,16.75,2.0,4954,13.56331279945243
"Eaton, Marianne",1406067865,MA,2343,1991-09-05,Female,Married,US Citizen,No,White,2011-04-04,2013-06-06,military,Voluntarily Terminated,Production,Production Technician I,Kissy Sullivan,Search Engine - Google Bing Yahoo,Fully Meets,17,1406067865,mgr_5bab9112,src_6c6ed671,dept_90a8834d,17.0,2.0,5318,14.559890485968515
"Engdahl, Jean",1007020403,MA,2026,1974-05-31,Male,Single,US Citizen,No,White,2014-11-10,,N/A - still employed,Active,Production,Production Technician I,Kelley Spirea,MBTA ads,Fully Meets,21.25,1007020403,mgr_a2138ea7,src_fcb8a679,dept_90a8834d,21.25,2.0,4002,10.956878850102669
"England, Rex",1101023612,MA,2045,1978-08-25,Male,Married,US Citizen,No,White,2014-03-31,,N/A - still employed,Active,Production,Production Technician I,Kelley Spirea,Employee Referral,90-day meets,21,1101023612,mgr_a2138ea7,src_3c7e3bf3,dept_90a8834d,21.0,2.0,4226,11.570157426420261
"Estremera, Miguel",1104025243,MA,2129,1983-09-02,Male,Single,US Citizen,No,White,2012-04-02,2014-09-27,attendance,Terminated for Cause,Production,Production Technician I,Michael Albert,Word of Mouth,Needs Improvement,17,1104025243,mgr_b5b7b67c,src_c17cac09,dept_90a8834d,17.0,1.0,4954,13.56331279945243
"Evensen, April",1107027392,MA,2458,1989-05-06,Female,Single,US Citizen,No,White,2014-02-17,2014-02-25,"no-call, no-show",Terminated for Cause,Production,Production Technician I,Elijiah Gray,Word of Mouth,N/A- too early to review,18,1107027392,mgr_bd364829,src_c17cac09,dept_90a8834d,18.0,,4268,11.685147159479808
"Ferguson, Susan",1502072511,MA,2176,1955-04-14,Female,Married,US Citizen,No,White,2011-11-07,2014-05-17,military,Voluntarily Terminated,Production,Production Technician I,Webster Butler,Search Engine - Google Bing Yahoo,Fully Meets,20,1502072511,mgr_fe41f2e3,src_6c6ed671,dept_90a8834d,20.0,2.0,5101,13.96577686516085
"Fernandes, Nilson",1302053339,MA,2132,1989-10-18,Male,Married,US Citizen,No,White,2015-05-11,,N/A - still employed,Active,Production,Production Technician I,Amy Dunn,Professional Society,N/A- too early to review,18,1302053339,mgr_9473f62b,src_d20862d8,dept_90a8834d,18.0,,3820,10.458590006844627
"Ferreira, Violeta",803009012,MA,2176,1986-06-10,Female,Single,US Citizen,No,White,2012-02-20,,N/A - still employed,Active,Production,Production Technician I,Ketsia Liebig,Newspager/Magazine,Fully Meets,23,803009012,mgr_c88cc88c,src_a604ae30,dept_90a8834d,23.0,2.0,4996,13.678302532511978
"Fidelia, Libby",1006020020,MA,2155,1981-03-16,Female,Married,US Citizen,No,White,2012-01-09,,N/A - still employed,Active,Production,Production Technician I,Brannon Miller,Social Networks - Facebook Twitter etc,Fully Meets,24,1006020020,mgr_740e145e,src_0dac6dfa,dept_90a8834d,24.0,2.0,5038,13.793292265571527
"Garcia, Raul",1309061015,MA,1905,1985-09-15,Male,Single,US Citizen,Yes,White,2015-03-30,,N/A - still employed,Active,Production,Production Technician I,David Stanley,Employee Referral,N/A- too early to review,19,1309061015,mgr_4a4deca7,src_3c7e3bf3,dept_90a8834d,19.0,,3862,10.573579739904176
"Garneau, Hamish",1104025414,MA,1550,1980-04-18,Male,Single,US Citizen,No,Asian,2013-07-08,,N/A - still employed,Active,Production,Production Technician I,Kissy Sullivan,Professional Society,Fully Meets,18,1104025414,mgr_5bab9112,src_d20862d8,dept_90a8834d,18.0,2.0,4492,12.2984257357974
"Gaul, Barbara",1105026041,MA,2121,1983-12-02,Female,Single,US Citizen,Yes,Black or African American,2011-05-16,,N/A - still employed,Active,Production,Production Technician I,Kelley Spirea,MBTA ads,Fully Meets,24,1105026041,mgr_a2138ea7,src_fcb8a679,dept_90a8834d,24.0,2.0,5276,14.444900752908966
"Gentry, Mildred",1501072192,MA,2145,1990-10-01,Female,Married,US Citizen,No,Black or African American,2015-03-30,,N/A - still employed,Active,Production,Production Technician I,Michael Albert,Professional Society,N/A- too early to review,19,1501072192,mgr_b5b7b67c,src_d20862d8,dept_90a8834d,19.0,,3862,10.573579739904176
"Gerke, Melisa",1308060622,MA,2330,1970-05-15,Female,Divorced,US Citizen,No,White,2011-11-07,2011-11-15,hours,Voluntarily Terminated,Production,Production Technician I,Elijiah Gray,Diversity Job Fair,N/A- too early to review,22,1308060622,mgr_bd364829,src_586af9b7,dept_90a8834d,22.0,,5101,13.96577686516085
"Gilles, Alex",1008020960,MA,2062,1974-08-09,Male,Married,US Citizen,No,Black or African American,2012-04-02,2015-06-25,military,Voluntarily Terminated,Production,Production Technician I,Webster Butler,Diversity Job Fair,Needs Improvement,15,1008020960,mgr_fe41f2e3,src_586af9b7,dept_90a8834d,15.0,1.0,4954,13.56331279945243
"Girifalco, Evelyn",1204032927,MA,2451,1980-05-08,Female,Single,US Citizen,Yes,Two or more races,2014-09-29,,N/A - still employed,Active,Production,Production Technician I,Amy Dunn,Professional Society,Exceeds,16,1204032927,mgr_9473f62b,src_d20862d8,dept_90a8834d,16.0,3.0,4044,11.071868583162217
"Gold, Shenice",1408069539,MA,2451,1992-06-18,Female,Single,US Citizen,Yes,White,2013-11-11,,N/A - still employed,Active,Production,Production Technician I,Ketsia Liebig,Glassdoor,Fully Meets,17,1408069539,mgr_c88cc88c,src_c7894b70,dept_90a8834d,17.0,2.0,4366,11.953456536618754
"Gonzalez, Cayo",1411071212,MA,2108,1969-09-29,Male,Divorced,US Citizen,No,American Indian or Alaska Native,2011-07-11,,N/A - still employed,Active,Production,Production Technician I,Brannon Miller,Diversity Job Fair,Exceeds,16,1411071212,mgr_740e145e,src_586af9b7,dept_90a8834d,16.0,3.0,5220,14.291581108829568
"Gordon, David",1106026579,MA,2169,1979-05-21,Male,Married,US Citizen,No,White,2012-07-02,,N/A - still employed,Active,Production,Production Technician I,David Stanley,MBTA ads,Fully Meets,15,1106026579,mgr_4a4deca7,src_fcb8a679,dept_90a8834d,15.0,2.0,4863,13.314168377823409
"Goyal, Roxana",1312063675,MA,1864,1974-10-09,Female,Married,US Citizen,No,Asian,2013-08-19,,N/A - still employed,Leave of Absence,Production,Production Technician I,Kissy Sullivan,On-campus Recruiting,Fully Meets,24,1312063675,mgr_5bab9112,src_90063453,dept_90a8834d,24.0,2.0,4450,12.183436002737851
"Gross, Paula",1103024859,MA,2176,1983-05-21,Female,Divorced,US Citizen,No,White,2011-02-21,2014-01-11,more money,Voluntarily Terminated,Production,Production Technician I,Kelley Spirea,Monster.com,Fully Meets,14,1103024859,mgr_a2138ea7,src_5c4df046,dept_90a8834d,14.0,2.0,5360,14.674880219028063
"Handschiegl, Joanne",1405067064,MA,2127,1977-03-23,Female,Married,US Citizen,No,White,2011-11-28,,N/A - still employed,Active,Production,Production Technician I,Michael Albert,Word of Mouth,Fully Meets,24,1405067064,mgr_b5b7b67c,src_c17cac09,dept_90a8834d,24.0,2.0,5080,13.908281998631075
"Harrell, Ludwick",1406068241,MA,1776,1982-09-02,Male,Married,US Citizen,No,Asian,2012-05-14,,N/A - still employed,Active,Production,Production Technician I,Elijiah Gray,Search Engine - Google Bing Yahoo,Fully Meets,21,1406068241,mgr_bd364829,src_6c6ed671,dept_90a8834d,21.0,2.0,4912,13.44832306639288
"Harrington, Christie",1110029602,MA,2324,1952-08-18,Female,Single,US Citizen,No,White,2012-01-09,2015-12-15,retiring,Voluntarily Terminated,Production,Production Technician I,Webster Butler,Monster.com,Fully Meets,19.75,1110029602,mgr_fe41f2e3,src_5c4df046,dept_90a8834d,19.75,2.0,5038,13.793292265571527
"Harrison, Kara",1404066622,MA,1886,1974-05-02,Female,Married,US Citizen,No,White,2014-05-12,,N/A - still employed,Active,Production,Production Technician I,Amy Dunn,Monster.com,Exceeds,20,1404066622,mgr_9473f62b,src_5c4df046,dept_90a8834d,20.0,3.0,4184,11.455167693360712
"Heitzman, Anthony",1002017900,MA,2149,1984-01-04,Male,Single,US Citizen,No,White,2012-08-13,,N/A - still employed,Active,Production,Production Technician I,Ketsia Liebig,Social Networks - Facebook Twitter etc,90-day meets,19,1002017900,mgr_c88cc88c,src_0dac6dfa,dept_90a8834d,19.0,2.0,4821,13.19917864476386
"Ivey, Rose",1408069882,MA,1775,1991-01-28,Female,Single,US Citizen,No,White,2013-08-19,,N/A - still employed,Active,Production,Production Technician I,Brannon Miller,Professional Society,Fully Meets,16,1408069882,mgr_740e145e,src_d20862d8,dept_90a8834d,16.0,2.0,4450,12.183436002737851
"Jackson, Maryellen",1201031438,MA,2081,1972-09-11,Female,Single,US Citizen,No,White,2012-11-05,,N/A - still employed,Active,Production,Production Technician I,David Stanley,Newspager/Magazine,Fully Meets,20,1201031438,mgr_4a4deca7,src_a604ae30,dept_90a8834d,20.0,2.0,4737,12.969199178644764
"Jacobi, Hannah",1503072857,MA,1778,1966-03-22,Female,Divorced,US Citizen,No,White,2013-09-30,,N/A - still employed,Active,Production,Production Technician I,Kissy Sullivan,Employee Referral,Fully Meets,21,1503072857,mgr_5bab9112,src_3c7e3bf3,dept_90a8834d,21.0,2.0,4408,12.068446269678303
"Jhaveri, Sneha",1412071713,MA,2109,1964-04-13,Female,Separated,US Citizen,No,White,2014-01-06,,N/A - still employed,Active,Production,Production Technician I,Kelley Spirea,On-campus Recruiting,Fully Meets,19,1412071713,mgr_a2138ea7,src_90063453,dept_90a8834d,19.0,2.0,4310,11.800136892539356
"Johnson, George",1105025721,MA,2445,1959-08-19,Male,Married,US Citizen,No,White,2011-11-07,2016-04-29,more money,Voluntarily Terminated,Production,Production Technician I,Michael Albert,Monster.com,Exceeds,17,1105025721,mgr_b5b7b67c,src_5c4df046,dept_90a8834d,17.0,3.0,5101,13.96577686516085
"Jung, Judy",1107027450,MA,2446,1986-04-17,Female,Married,US Citizen,No,White,2011-01-10,2016-04-01,unhappy,Voluntarily Terminated,Production,Production Technician I,Elijiah Gray,Monster.com,90-day meets,21,1107027450,mgr_bd364829,src_5c4df046,dept_90a8834d,21.0,2.0,5402,14.789869952087612
"Keatts, Kramer",1301052462,MA,1887,1976-01-19,Male,Single,US Citizen,No,White,2013-09-30,,N/A - still employed,Active,Production,Production Technician I,Michael Albert,Billboard,Fully Meets,19,1301052462,mgr_b5b7b67c,src_5a602278,dept_90a8834d,19.0,2.0,4408,12.068446269678303
"Kinsella, Kathleen",710007401,MA,2170,1973-12-08,Female,Married,US Citizen,No,White,2011-09-26,2015-06-04,more money,Voluntarily Terminated,Production,Production Technician I,Webster Butler,Search Engine - Google Bing Yahoo,90-day meets,22,710007401,mgr_fe41f2e3,src_6c6ed671,dept_90a8834d,22.0,2.0,5143,14.080766598220396
"Kirill, Alexandra",903013071,MA,2127,1970-10-08,Female,Married,US Citizen,No,White,2011-09-26,2012-01-09,more money,Voluntarily Terminated,Production,Production Technician I,Amy Dunn,Search Engine - Google Bing Yahoo,Fully Meets,24,903013071,mgr_9473f62b,src_6c6ed671,dept_90a8834d,24.0,2.0,5143,14.080766598220396
"Knapp, Bradley J",1304055683,MA,1721,1977-11-10,Male,Single,US Citizen,No,Black or African American,2014-02-17,,N/A - still employed,Active,Production,Production Technician I,Ketsia Liebig,On-campus Recruiting,Fully Meets,14,1304055683,mgr_c88cc88c,src_90063453,dept_90a8834d,14.0,2.0,4268,11.685147159479808
"Kretschmer, John",1311062610,MA,1801,1980-02-02,Male,Married,US Citizen,No,Asian,2011-01-10,,N/A - still employed,Active,Production,Production Technician I,Brannon Miller,Pay Per Click - Google,Fully Meets,21,1311062610,mgr_740e145e,src_14b168ca,dept_90a8834d,21.0,2.0,5402,14.789869952087612
"Langton, Enrico",1304055987,MA,2048,1986-12-09,Male,Married,US Citizen,No,White,2012-07-09,,N/A - still employed,Active,Production,Production Technician I,David Stanley,Newspager/Magazine,Fully Meets,17,1304055987,mgr_4a4deca7,src_a604ae30,dept_90a8834d,17.0,2.0,4856,13.295003422313483
"Leach, Dallas",1408069409,MA,1810,1979-01-17,Female,Single,US Citizen,No,Asian,2011-09-26,2013-08-19,return to school,Voluntarily Terminated,Production,Production Technician I,Kissy Sullivan,Monster.com,Fully Meets,19,1408069409,mgr_5bab9112,src_5c4df046,dept_90a8834d,19.0,2.0,5143,14.080766598220396
"LeBel, Jonathan R",1107027575,MA,2050,1981-10-18,Male,Single,US Citizen,No,White,2011-02-21,2011-08-04,attendance,Terminated for Cause,Production,Production Technician I,Kelley Spirea,Social Networks - Facebook Twitter etc,90-day meets,15,1107027575,mgr_a2138ea7,src_0dac6dfa,dept_90a8834d,15.0,2.0,5360,14.674880219028063
"Linares, Marilyn",1206042315,MA,1886,1981-03-26,Female,Married,US Citizen,No,White,2011-07-05,2011-09-26,unhappy,Voluntarily Terminated,Production,Production Technician I,Michael Albert,Internet Search,N/A- too early to review,15.25,1206042315,mgr_b5b7b67c,src_7b0a226c,dept_90a8834d,15.25,,5226,14.30800821355236
"Lydon, Allison",1101023353,MA,2122,1975-10-22,Female,Married,US Citizen,No,Black or African American,2015-02-16,,N/A - still employed,Leave of Absence,Production,Production Technician I,Elijiah Gray,Website Banner Ads,90-day meets,20,1101023353,mgr_bd364829,src_32925118,dept_90a8834d,20.0,2.0,3904,10.688569472963723
"Lynch, Lindsay",1001138521,MA,1844,1973-02-14,Female,Single,US Citizen,Yes,Two or more races,2011-11-07,2015-11-14,Another position,Voluntarily Terminated,Production,Production Technician I,Webster Butler,Diversity Job Fair,Exceeds,19,1001138521,mgr_fe41f2e3,src_586af9b7,dept_90a8834d,19.0,3.0,5101,13.96577686516085
"MacLennan, Samuel",1201031032,MA,1938,1972-11-09,Male,Widowed,US Citizen,No,White,2012-09-24,2012-09-26,hours,Voluntarily Terminated,Production,Production Technician I,Amy Dunn,Pay Per Click,N/A- too early to review,15,1201031032,mgr_9473f62b,src_3dcfea9f,dept_90a8834d,15.0,,4779,13.084188911704311
"Mahoney, Lauren",1209049259,MA,2189,1986-07-07,Female,Single,US Citizen,No,White,2014-01-06,,N/A - still employed,Active,Production,Production Technician I,Ketsia Liebig,Newspager/Magazine,Fully Meets,17,1209049259,mgr_c88cc88c,src_a604ae30,dept_90a8834d,17.0,2.0,4310,11.800136892539356
"Mangal, Debbie",1308060754,MA,2451,1974-11-07,Female,Married,US Citizen,No,White,2013-11-11,,N/A - still employed,Active,Production,Production Technician I,Brannon Miller,On-campus Recruiting,Fully Meets,23,1308060754,mgr_740e145e,src_90063453,dept_90a8834d,23.0,2.0,4366,11.953456536618754
"Maurice, Shana",1401064327,MA,2330,1977-11-22,Female,Married,US Citizen,No,White,2011-05-31,,N/A - still employed,Active,Production,Production Technician I,David Stanley,Other,90-day meets,20,1401064327,mgr_4a4deca7,src_d0941e68,dept_90a8834d,20.0,2.0,5261,14.403832991101986
"Mckenna, Sandy",909015167,MA,2184,1987-01-07,Female,Married,US Citizen,No,Black or African American,2013-01-07,,N/A - still employed,Active,Production,Production Technician I,Kissy Sullivan,Monster.com,Fully Meets,24,909015167,mgr_5bab9112,src_5c4df046,dept_90a8834d,24.0,2.0,4674,12.796714579055442
"Meads, Elizabeth",1409070245,MA,1760,1968-05-30,Female,Single,US Citizen,No,Black or African American,2012-04-02,2015-11-11,Another position,Voluntarily Terminated,Production,Production Technician I,Kelley Spirea,Diversity Job Fair,Fully Meets,14,1409070245,mgr_a2138ea7,src_586af9b7,dept_90a8834d,14.0,2.0,4954,13.56331279945243
"Medeiros, Jennifer",1109029256,MA,2346,1976-09-22,Female,Single,US Citizen,No,White,2015-03-30,,N/A - still employed,Active,Production,Production Technician I,Michael Albert,Monster.com,N/A- too early to review,20,1109029256,mgr_b5b7b67c,src_5c4df046,dept_90a8834d,20.0,,3862,10.573579739904176
"Motlagh, Dawn",1102024121,MA,2453,1984-07-07,Female,Divorced,US Citizen,No,White,2013-04-01,,N/A - still employed,Active,Production,Production Technician I,Elijiah Gray,MBTA ads,Fully Meets,15,1102024121,mgr_bd364829,src_fcb8a679,dept_90a8834d,15.0,2.0,4590,12.566735112936344
"Ndzi, Colombui",1204033041,MA,2110,1989-05-02,Male,Single,US Citizen,No,Black or African American,2011-09-26,2014-04-04,return to school,Voluntarily Terminated,Production,Production Technician I,Webster Butler,Diversity Job Fair,Fully Meets,18,1204033041,mgr_fe41f2e3,src_586af9b7,dept_90a8834d,18.0,2.0,5143,14.080766598220396
"Ndzi, Horia",1204033041,MA,2421,1983-03-28,Male,Married,US Citizen,No,White,2013-04-01,2016-05-25,more money,Voluntarily Terminated,Production,Production Technician I,Amy Dunn,Employee Referral,Fully Meets,22,1204033041,mgr_9473f62b,src_3c7e3bf3,dept_90a8834d,22.0,2.0,4590,12.566735112936344
"Newman, Richard",1302053044,MA,2136,1977-04-08,Male,Married,US Citizen,No,White,2014-05-12,,N/A - still employed,Leave of Absence,Production,Production Technician I,Ketsia Liebig,On-campus Recruiting,Fully Meets,21,1302053044,mgr_c88cc88c,src_90063453,dept_90a8834d,21.0,2.0,4184,11.455167693360712
"Ngodup, Shari",1403066020,MA,1810,1967-06-03,Female,Separated,US Citizen,No,Asian,2013-04-01,,N/A - still employed,Active,Production,Production Technician I,Brannon Miller,Diversity Job Fair,Exceeds,15,1403066020,mgr_740e145e,src_586af9b7,dept_90a8834d,15.0,3.0,4590,12.566735112936344
"Nguyen, Lei-Ming",1203032357,MA,2132,1984-07-07,Female,Single,US Citizen,No,White,2013-07-08,,N/A - still employed,Active,Production,Production Technician I,David Stanley,Vendor Referral,Fully Meets,19,1203032357,mgr_4a4deca7,src_fde39a41,dept_90a8834d,19.0,2.0,4492,12.2984257357974
"O'hare, Lynn",1206044851,MA,2152,1980-09-30,Female,Single,US Citizen,No,Two or more races,2014-03-31,2016-05-01,performance,Terminated for Cause,Production,Production Technician I,Kissy Sullivan,Professional Society,PIP,18.5,1206044851,mgr_5bab9112,src_d20862d8,dept_90a8834d,18.5,0.5,4226,11.570157426420261
"Osturnka, Adeel",1404066949,MA,2478,1976-12-11,Male,Married,US Citizen,No,White,2013-09-30,,N/A - still employed,Active,Production,Production Technician I,Kelley Spirea,On-campus Recruiting,Exceeds,16,1404066949,mgr_a2138ea7,src_90063453,dept_90a8834d,16.0,3.0,4408,12.068446269678303
"Owad, Clinton",1103024335,MA,1760,1979-11-24,Male,Single,US Citizen,No,Black or African American,2014-02-17,,N/A - still employed,Active,Production,Production Technician I,Michael Albert,MBTA ads,Needs Improvement,22,1103024335,mgr_b5b7b67c,src_fcb8a679,dept_90a8834d,22.0,1.0,4268,11.685147159479808
"Panjwani, Nina",1109029531,MA,2351,1979-05-01,Female,Married,US Citizen,No,White,2011-02-07,2014-01-12,Another position,Voluntarily Terminated,Production,Production Technician I,Elijiah Gray,Social Networks - Facebook Twitter etc,Fully Meets,18,1109029531,mgr_bd364829,src_0dac6dfa,dept_90a8834d,18.0,2.0,5374,14.713210130047912
"Pelech, Emil",1307060058,MA,2458,1988-03-17,Male,Single,US Citizen,No,Black or African American,2011-01-10,2012-12-28,career change,Voluntarily Terminated,Production,Production Technician I,Webster Butler,Search Engine - Google Bing Yahoo,Needs Improvement,24,1307060058,mgr_fe41f2e3,src_6c6ed671,dept_90a8834d,24.0,1.0,5402,14.789869952087612
"Perry, Shakira",1109029186,MA,2176,1986-07-20,Female,Single,US Citizen,No,White,2011-05-16,2015-10-25,medical issues,Voluntarily Terminated,Production,Production Technician I,Amy Dunn,MBTA ads,Fully Meets,22,1109029186,mgr_9473f62b,src_fcb8a679,dept_90a8834d,22.0,2.0,5276,14.444900752908966
"Peterson, Kayla",1307059944,MA,1749,1973-09-23,Female,Married,US Citizen,No,White,2010-04-26,,N/A - still employed,Active,Production,Production Technician I,Ketsia Liebig,Search Engine - Google Bing Yahoo,Fully Meets,17,1307059944,mgr_c88cc88c,src_6c6ed671,dept_90a8834d,17.0,2.0,5661,15.498973305954825
"Pham, Hong",1305057440,MA,2451,1988-03-06,Male,Married,US Citizen,No,White,2011-07-05,2012-11-30,more money,Voluntarily Terminated,Production,Production Technician I,Brannon Miller,Search Engine - Google Bing Yahoo,Fully Meets,18,1305057440,mgr_740e145e,src_6c6ed671,dept_90a8834d,18.0,2.0,5226,14.30800821355236
"Pitt, Brad",1001735072,MA,2451,1981-11-23,Male,Single,US Citizen,No,Black or African American,2007-11-05,,N/A - still employed,Active,Production,Production Technician I,David Stanley,Search Engine - Google Bing Yahoo,Fully Meets,17,1001735072,mgr_4a4deca7,src_6c6ed671,dept_90a8834d,17.0,2.0,6564,17.971252566735114
"Power, Morissa",1102024274,MA,1742,1984-10-15,Female,Divorced,Eligible NonCitizen,No,Asian,2011-05-16,2011-06-04,Another position,Voluntarily Terminated,Production,Production Technician I,Kissy Sullivan,Social Networks - Facebook Twitter etc,N/A- too early to review,19,1102024274,mgr_5bab9112,src_0dac6dfa,dept_90a8834d,19.0,,5276,14.444900752908966
"Punjabhi, Louis",1401064562,MA,2109,1961-06-19,Male,Single,US Citizen,No,White,2014-01-06,,N/A - still employed,Active,Production,Production Technician I,Kelley Spirea,Employee Referral,Fully Meets,16,1401064562,mgr_a2138ea7,src_3c7e3bf3,dept_90a8834d,16.0,2.0,4310,11.800136892539356
"Purinton, Janine",1011022926,MA,2474,1970-09-22,Female,Divorced,US Citizen,No,White,2012-09-24,2013-06-18,unhappy,Voluntarily Terminated,Production,Production Technician I,Kissy Sullivan,Billboard,Fully Meets,16,1011022926,mgr_5bab9112,src_5a602278,dept_90a8834d,16.0,2.0,4779,13.084188911704311
"Rarrick, Quinn",1208048229,MA,2478,1984-12-31,Male,Divorced,US Citizen,No,White,2011-09-26,2012-04-07,more money,Voluntarily Terminated,Production,Production Technician I,Michael Albert,Pay Per Click - Google,Fully Meets,21,1208048229,mgr_b5b7b67c,src_14b168ca,dept_90a8834d,21.0,2.0,5143,14.080766598220396
"Rhoads, Thomas",1211050793,MA,2176,1982-07-22,Male,Divorced,US Citizen,Yes,White,2011-05-16,2016-01-15,retiring,Voluntarily Terminated,Production,Production Technician I,Elijiah Gray,Professional Society,Fully Meets,20,1211050793,mgr_bd364829,src_d20862d8,dept_90a8834d,20.0,2.0,5276,14.444900752908966
"Rivera, Haley",1405067642,MA,2171,1973-01-12,Female,Married,US Citizen,No,Asian,2011-11-28,,N/A - still employed,Active,Production,Production Technician I,Webster Butler,Search Engine - Google Bing Yahoo,Exceeds,22,1405067642,mgr_fe41f2e3,src_6c6ed671,dept_90a8834d,22.0,3.0,5080,13.908281998631075
"Robinson, Alain",1206038000,MA,1420,1974-01-07,Male,Married,US Citizen,No,Black or African American,2011-01-10,2016-01-26,attendance,Voluntarily Terminated,Production,Production Technician I,Amy Dunn,Glassdoor,Fully Meets,24,1206038000,mgr_9473f62b,src_c7894b70,dept_90a8834d,24.0,2.0,5402,14.789869952087612
"Robinson, Cherly",1403065625,MA,1460,1985-01-07,Female,Married,US Citizen,No,White,2011-01-10,2016-05-17,attendance,Terminated for Cause,Production,Production Technician I,Ketsia Liebig,Glassdoor,Needs Improvement,16,1403065625,mgr_c88cc88c,src_c7894b70,dept_90a8834d,16.0,1.0,5402,14.789869952087612
"Robinson, Elias",1011022887,MA,1730,1985-01-28,Male,Widowed,US Citizen,No,White,2013-07-08,,N/A - still employed,Active,Production,Production Technician I,Brannon Miller,Employee Referral,Exceptional,17,1011022887,mgr_740e145e,src_3c7e3bf3,dept_90a8834d,17.0,4.0,4492,12.2984257357974
"Rose, Ashley",710007555,MA,1886,1974-12-05,Female,Separated,US Citizen,No,White,2014-01-06,,N/A - still employed,Active,Production,Production Technician I,David Stanley,Website Banner Ads,Fully Meets,17,710007555,mgr_4a4deca7,src_32925118,dept_90a8834d,17.0,2.0,4310,11.800136892539356
"Rossetti, Bruno",1405067492,MA,2155,1987-03-18,Male,Single,US Citizen,No,White,2011-04-04,2012-08-13,Another position,Voluntarily Terminated,Production,Production Technician I,Kissy Sullivan,Search Engine - Google Bing Yahoo,Fully Meets,18,1405067492,mgr_5bab9112,src_6c6ed671,dept_90a8834d,18.0,2.0,5318,14.559890485968515
"Saar-Beckles, Melinda",1410070998,MA,1801,1968-06-06,Female,Single,US Citizen,No,Black or African American,2016-07-04,,N/A - Has not started yet,Future Start,Production,Production Technician I,Kelley Spirea,Diversity Job Fair,N/A- too early to review,20,1410070998,mgr_a2138ea7,src_586af9b7,dept_90a8834d,20.0,,3400,9.308692676249144
"Sadki, Nore",1308060535,MA,2148,1974-12-21,Male,Single,US Citizen,No,White,2009-01-05,2010-07-30,relocation out of area,Voluntarily Terminated,Production,Production Technician I,Michael Albert,Word of Mouth,Fully Meets,21,1308060535,mgr_b5b7b67c,src_c17cac09,dept_90a8834d,21.0,2.0,6137,16.802190280629706
"Sander, Kamrin",1302053362,MA,2154,1988-07-10,Female,Married,US Citizen,No,Black or African American,2014-09-29,,N/A - still employed,Active,Production,Production Technician I,Elijiah Gray,On-campus Recruiting,Fully Meets,21,1302053362,mgr_bd364829,src_90063453,dept_90a8834d,21.0,2.0,4044,11.071868583162217
"Sewkumar, Nori",807010161,MA,2191,1975-03-10,Female,Single,US Citizen,No,Asian,2013-09-30,,N/A - still employed,Leave of Absence,Production,Production Technician I,Webster Butler,Search Engine - Google Bing Yahoo,Fully Meets,15.2,807010161,mgr_fe41f2e3,src_6c6ed671,dept_90a8834d,15.2,2.0,4408,12.068446269678303
"Shields, Seffi",1205033102,MA,2149,1985-08-24,Female,Married,US Citizen,No,White,2013-08-19,,N/A - still employed,Active,Production,Production Technician I,Amy Dunn,Newspager/Magazine,Fully Meets,15,1205033102,mgr_9473f62b,src_a604ae30,dept_90a8834d,15.0,2.0,4450,12.183436002737851
"Smith, Sade",1501071909,MA,2130,1965-02-02,Female,Single,US Citizen,No,White,2013-11-11,,N/A - still employed,Active,Production,Production Technician I,Ketsia Liebig,Employee Referral,Fully Meets,24.5,1501071909,mgr_c88cc88c,src_3c7e3bf3,dept_90a8834d,24.5,2.0,4366,11.953456536618754
"Sparks, Taylor",1410071137,MA,2093,1968-07-20,Female,Married,US Citizen,No,White,2012-02-20,,N/A - still employed,Active,Production,Production Technician I,Brannon Miller,Billboard,PIP,16,1410071137,mgr_740e145e,src_5a602278,dept_90a8834d,16.0,0.5,4996,13.678302532511978
"Squatrito, Kristen",1405067138,MA,2359,1973-03-26,Female,Divorced,US Citizen,No,White,2013-05-13,2015-06-29,unhappy,Voluntarily Terminated,Production,Production Technician I,David Stanley,MBTA ads,Exceeds,21,1405067138,mgr_4a4deca7,src_fcb8a679,dept_90a8834d,21.0,3.0,4548,12.451745379876797
"Stanford,Barbara M",1111030244,MA,2050,1982-08-25,Female,Divorced,US Citizen,No,Two or more races,2011-01-10,,N/A - still employed,Active,Production,Production Technician I,Kissy Sullivan,Word of Mouth,Fully Meets,14,1111030244,mgr_5bab9112,src_c17cac09,dept_90a8834d,14.0,2.0,5402,14.789869952087612
"Stoica, Rick",1106026896,MA,2301,1985-03-14,Male,Married,US Citizen,No,Asian,2014-02-17,,N/A - still employed,Active,Production,Production Technician I,Kelley Spirea,On-campus Recruiting,Fully Meets,22,1106026896,mgr_a2138ea7,src_90063453,dept_90a8834d,22.0,2.0,4268,11.685147159479808
"Sullivan, Timothy",1201031310,MA,2747,1982-10-07,Male,Married,US Citizen,Yes,White,2015-01-05,,N/A - still employed,Active,Production,Production Technician I,Michael Albert,Word of Mouth,90-day meets,19,1201031310,mgr_b5b7b67c,src_c17cac09,dept_90a8834d,19.0,2.0,3946,10.803559206023271
"Sutwell, Barbara",1407069061,MA,2718,1968-08-15,Female,Single,Eligible NonCitizen,No,Asian,2012-05-14,,N/A - still employed,Active,Production,Production Technician I,Elijiah Gray,Glassdoor,Fully Meets,14,1407069061,mgr_bd364829,src_c7894b70,dept_90a8834d,14.0,2.0,4912,13.44832306639288
"Tavares, Desiree",1405067501,MA,1801,1975-04-03,Female,Married,Non-Citizen,No,Two or more races,2009-04-27,2013-04-01,Another position,Voluntarily Terminated,Production,Production Technician I,Webster Butler,Diversity Job Fair,Fully Meets,15,1405067501,mgr_fe41f2e3,src_586af9b7,dept_90a8834d,15.0,2.0,6025,16.49555099247091
"Theamstern, Sophia",1404066739,MA,2066,1965-05-09,Female,Single,US Citizen,No,White,2011-07-05,2011-09-05,return to school,Voluntarily Terminated,Production,Production Technician I,Amy Dunn,Billboard,N/A- too early to review,20,1404066739,mgr_9473f62b,src_5a602278,dept_90a8834d,20.0,,5226,14.30800821355236
"Tinto, Theresa",1103024504,MA,1876,1983-07-30,Female,Divorced,US Citizen,No,White,2011-01-10,2011-05-14,Another position,Voluntarily Terminated,Production,Production Technician I,Ketsia Liebig,Social Networks - Facebook Twitter etc,90-day meets,20,1103024504,mgr_c88cc88c,src_0dac6dfa,dept_90a8834d,20.0,2.0,5402,14.789869952087612
"Tippett, Jeanette",1409070255,MA,2093,1967-06-05,Female,Divorced,US Citizen,No,Black or African American,2013-02-18,,N/A - still employed,Active,Production,Production Technician I,Brannon Miller,Billboard,Fully Meets,24,1409070255,mgr_740e145e,src_5a602278,dept_90a8834d,24.0,2.0,4632,12.681724845995893
"Trang, Mei",1012023152,MA,2021,1983-05-16,Female,Single,US Citizen,No,White,2014-02-17,,N/A - still employed,Active,Production,Production Technician I,David Stanley,Professional Society,N/A- too early to review,22,1012023152,mgr_4a4deca7,src_d20862d8,dept_90a8834d,22.0,,4268,11.685147159479808
"Veera, Abdellah",1203032235,MA,2171,1987-01-31,Male,Divorced,US Citizen,No,White,2012-08-13,2016-02-05,maternity leave - did not return,Voluntarily Terminated,Production,Production Technician I,Kissy Sullivan,Information Session,Exceeds,19,1203032235,mgr_5bab9112,src_7c44a21f,dept_90a8834d,19.0,3.0,4821,13.19917864476386
"Volk, Colleen",1011022814,MA,2747,1986-06-03,Female,Married,US Citizen,No,White,2011-09-26,2016-02-08,gross misconduct,Terminated for Cause,Production,Production Technician I,Kelley Spirea,Social Networks - Facebook Twitter etc,Exceeds,21,1011022814,mgr_a2138ea7,src_0dac6dfa,dept_90a8834d,21.0,3.0,5143,14.080766598220396
"Von Massenbach, Anna",1106026474,MA,2124,1985-04-06,Female,Single,US Citizen,No,White,2015-07-05,,N/A - Has not started yet,Future Start,Production,Production Technician I,Michael Albert,Newspager/Magazine,N/A- too early to review,20,1106026474,mgr_b5b7b67c,src_a604ae30,dept_90a8834d,20.0,,3765,10.30800821355236
"Wallace, Theresa",1101023619,MA,1887,1980-08-02,Female,Single,US Citizen,No,White,2012-08-13,2015-09-01,career change,Voluntarily Terminated,Production,Production Technician I,Elijiah Gray,Monster.com,Needs Improvement,15,1101023619,mgr_bd364829,src_5c4df046,dept_90a8834d,15.0,1.0,4821,13.19917864476386
"Whittier, Scott",1307060212,MA,2030,1987-05-24,Male,Single,US Citizen,Yes,White,2011-01-10,2011-05-15,hours,Voluntarily Terminated,Production,Production Technician I,Webster Butler,Newspager/Magazine,90-day meets,23,1307060212,mgr_fe41f2e3,src_a604ae30,dept_90a8834d,23.0,2.0,5402,14.789869952087612
"Wilber, Barry",1101023839,MA,2324,1965-09-09,Male,Married,Eligible NonCitizen,No,White,2011-05-16,2015-09-07,unhappy,Voluntarily Terminated,Production,Production Technician I,Amy Dunn,Website Banner Ads,Fully Meets,21,1101023839,mgr_9473f62b,src_32925118,dept_90a8834d,21.0,2.0,5276,14.444900752908966
"Williams, Jacquelyn",1308060671,MA,2109,1969-10-02,Female,Single,US Citizen,Yes,Two or more races,2012-01-09,2015-06-27,relocation out of area,Voluntarily Terminated,Production,Production Technician I,Ketsia Liebig,Diversity Job Fair,Fully Meets,16,1308060671,mgr_c88cc88c,src_586af9b7,dept_90a8834d,16.0,2.0,5038,13.793292265571527
"Ybarra, Catherine",1001268402,MA,2458,1982-05-04,Female,Single,US Citizen,No,Asian,2008-09-02,2015-09-29,Another position,Voluntarily Terminated,Production,Production Technician I,Brannon Miller,Search Engine - Google Bing Yahoo,PIP,22,1001268402,mgr_740e145e,src_6c6ed671,dept_90a8834d,22.0,0.5,6262,17.144421629021217
"Zima, Colleen",1211051232,MA,1730,1978-08-17,Female,Widowed,US Citizen,No,Asian,2014-09-29,,N/A - still employed,Active,Production,Production Technician I,David Stanley,On-campus Recruiting,Fully Meets,15,1211051232,mgr_4a4deca7,src_90063453,dept_90a8834d,15.0,2.0,4044,11.071868583162217
"Akinkuolie, Sarah",1005019209,MA,1810,1988-09-19,Female,Married,US Citizen,No,White,2011-07-05,2012-09-24,hours,Voluntarily Terminated,Production,Production Technician II,Kissy Sullivan,Newspager/Magazine,90-day meets,29,1005019209,mgr_5bab9112,src_a604ae30,dept_90a8834d,29.0,2.0,5226,14.30800821355236
"Beak, Kimberly",1303054329,MA,2145,1966-04-17,Female,Married,US Citizen,No,White,2016-07-21,,N/A - Has not started yet,Future Start,Production,Production Technician II,Kelley Spirea,Employee Referral,Exceeds,27,1303054329,mgr_a2138ea7,src_3c7e3bf3,dept_90a8834d,27.0,3.0,3383,9.262149212867898
"Blount, Dianna",1403066125,MA,2171,1990-09-21,Female,Single,US Citizen,No,White,2011-04-04,,N/A - still employed,Active,Production,Production Technician II,Michael Albert,Monster.com,Needs Improvement,27,1403066125,mgr_b5b7b67c,src_5c4df046,dept_90a8834d,27.0,1.0,5318,14.559890485968515
"Bondwell, Betsy",1008021030,MA,2210,1967-01-16,Female,Single,US Citizen,No,White,2011-01-10,2014-04-04,career change,Voluntarily Terminated,Production,Production Technician II,Elijiah Gray,Search Engine - Google Bing Yahoo,90-day meets,26,1008021030,mgr_bd364829,src_6c6ed671,dept_90a8834d,26.0,2.0,5402,14.789869952087612
"Buccheri, Joseph",1101023457,MA,1013,1983-07-28,Male,Single,US Citizen,No,White,2014-09-29,,N/A - still employed,Active,Production,Production Technician II,Webster Butler,Word of Mouth,Fully Meets,22,1101023457,mgr_fe41f2e3,src_c17cac09,dept_90a8834d,22.0,2.0,4044,11.071868583162217
"Burke, Joelle",1011022820,MA,2148,1980-03-02,Female,Single,US Citizen,No,Black or African American,2012-03-05,,N/A - still employed,Active,Production,Production Technician II,Amy Dunn,Employee Referral,Fully Meets,25,1011022820,mgr_9473f62b,src_3c7e3bf3,dept_90a8834d,25.0,2.0,4982,13.639972621492129
"Burkett, Benjamin",1301052449,MA,1890,1977-08-19,Male,Married,US Citizen,No,White,2011-04-04,,N/A - still employed,Active,Production,Production Technician II,Ketsia Liebig,Careerbuilder,Fully Meets,26,1301052449,mgr_c88cc88c,src_a8cb5f13,dept_90a8834d,26.0,2.0,5318,14.559890485968515
"Cloninger, Jennifer",1012023226,MA,1752,1981-08-31,Female,Married,US Citizen,No,White,2011-05-16,2013-01-07,unhappy,Voluntarily Terminated,Production,Production Technician II,Brannon Miller,Word of Mouth,90-day meets,25,1012023226,mgr_740e145e,src_c17cac09,dept_90a8834d,25.0,2.0,5276,14.444900752908966
"Close, Phil",1209048697,MA,2169,1978-11-25,Male,Married,US Citizen,No,White,2010-08-30,2011-09-26,career change,Voluntarily Terminated,Production,Production Technician II,David Stanley,Other,Fully Meets,26,1209048697,mgr_4a4deca7,src_d0941e68,dept_90a8834d,26.0,2.0,5535,15.154004106776181
"Davis, Daniel",1201031274,MA,2458,1979-09-14,Male,Single,Eligible NonCitizen,No,Two or more races,2011-11-07,,N/A - still employed,Active,Production,Production Technician II,Kissy Sullivan,Newspager/Magazine,90-day meets,25,1201031274,mgr_5bab9112,src_a604ae30,dept_90a8834d,25.0,2.0,5101,13.96577686516085
"Demita, Carla",1104025179,MA,2343,1951-02-25,Female,Separated,US Citizen,No,Black or African American,2011-04-04,2015-11-04,more money,Voluntarily Terminated,Production,Production Technician II,Kelley Spirea,Search Engine - Google Bing Yahoo,Fully Meets,29,1104025179,mgr_a2138ea7,src_6c6ed671,dept_90a8834d,29.0,2.0,5318,14.559890485968515
"Erilus, Angela",1105025661,MA,2133,1989-08-25,Female,Separated,US Citizen,No,White,2014-07-07,,N/A - still employed,Active,Production,Production Technician II,Michael Albert,Pay Per Click - Google,PIP,24,1105025661,mgr_b5b7b67c,src_14b168ca,dept_90a8834d,24.0,0.5,4128,11.301848049281315
"Faller, Megan",1108028428,MA,1824,1978-09-22,Female,Married,US Citizen,No,Black or African American,2014-07-07,,N/A - still employed,Active,Production,Production Technician II,Elijiah Gray,Professional Society,Fully Meets,27,1108028428,mgr_bd364829,src_d20862d8,dept_90a8834d,27.0,2.0,4128,11.301848049281315
"Fancett, Nicole",1402065085,MA,2324,1987-09-27,Female,Single,US Citizen,No,Black or African American,2014-02-17,,N/A - still employed,Active,Production,Production Technician II,Webster Butler,Newspager/Magazine,Fully Meets,24,1402065085,mgr_fe41f2e3,src_a604ae30,dept_90a8834d,24.0,2.0,4268,11.685147159479808
"Fitzpatrick, Michael J",1109029103,MA,2143,1981-10-01,Male,Single,US Citizen,Yes,White,2011-05-16,2013-06-24,hours,Voluntarily Terminated,Production,Production Technician II,Amy Dunn,Social Networks - Facebook Twitter etc,Fully Meets,29,1109029103,mgr_9473f62b,src_0dac6dfa,dept_90a8834d,29.0,2.0,5276,14.444900752908966
"Foreman, Tanya",1012023204,MA,2170,1983-11-08,Female,Married,US Citizen,No,White,2011-04-04,2012-01-09,career change,Voluntarily Terminated,Production,Production Technician II,Ketsia Liebig,Word of Mouth,Fully Meets,24,1012023204,mgr_c88cc88c,src_c17cac09,dept_90a8834d,24.0,2.0,5318,14.559890485968515
"Gonzalez, Juan",1411071324,MA,2128,1964-10-12,Male,Married,US Citizen,No,Black or African American,2010-04-26,2011-05-30,career change,Voluntarily Terminated,Production,Production Technician II,Brannon Miller,Diversity Job Fair,PIP,29,1411071324,mgr_740e145e,src_586af9b7,dept_90a8834d,29.0,0.5,5661,15.498973305954825
"Good, Susan",1001549006,MA,1886,1986-05-25,Female,Married,US Citizen,No,White,2014-05-12,,N/A - still employed,Leave of Absence,Production,Production Technician II,David Stanley,Professional Society,Fully Meets,24.25,1001549006,mgr_4a4deca7,src_d20862d8,dept_90a8834d,24.25,2.0,4184,11.455167693360712
"Gosciminski, Phylicia",1108028351,MA,1824,1983-12-08,Female,Separated,US Citizen,No,American Indian or Alaska Native,2013-09-30,,N/A - still employed,Leave of Absence,Production,Production Technician II,Kissy Sullivan,Word of Mouth,Fully Meets,27,1108028351,mgr_5bab9112,src_c17cac09,dept_90a8834d,27.0,2.0,4408,12.068446269678303
"Hankard, Earnest",1307059937,MA,2155,1988-08-10,Male,Single,US Citizen,Yes,White,2013-11-11,,N/A - still employed,Active,Production,Production Technician II,Kelley Spirea,Newspager/Magazine,Fully Meets,24,1307059937,mgr_a2138ea7,src_a604ae30,dept_90a8834d,24.0,2.0,4366,11.953456536618754
"Hendrickson, Trina",1011022932,MA,2021,1972-08-27,Female,Single,US Citizen,No,White,2011-01-10,2013-02-18,hours,Voluntarily Terminated,Production,Production Technician II,Kelley Spirea,Monster.com,Fully Meets,24,1011022932,mgr_a2138ea7,src_5c4df046,dept_90a8834d,24.0,2.0,5402,14.789869952087612
"Homberger, Adrienne J",1207046956,MA,2445,1984-02-16,Female,Married,Non-Citizen,No,White,2011-08-15,2012-04-07,relocation out of area,Voluntarily Terminated,Production,Production Technician II,Michael Albert,Glassdoor,Fully Meets,28,1207046956,mgr_b5b7b67c,src_c7894b70,dept_90a8834d,28.0,2.0,5185,14.195756331279945
"Hunts, Julissa",1106026433,MA,2021,1984-03-11,Female,Single,US Citizen,No,White,2016-06-06,,N/A - Has not started yet,Future Start,Production,Production Technician II,Elijiah Gray,Vendor Referral,N/A- too early to review,25,1106026433,mgr_bd364829,src_fde39a41,dept_90a8834d,25.0,,3428,9.385352498288844
"Hutter, Rosalie",1103024924,MA,2351,1992-05-07,Female,Separated,US Citizen,No,White,2015-06-05,,N/A - Has not started yet,Future Start,Production,Production Technician II,Webster Butler,Other,N/A- too early to review,28,1103024924,mgr_fe41f2e3,src_d0941e68,dept_90a8834d,28.0,,3795,10.390143737166325
"Huynh, Ming",1306058509,MA,1742,1976-09-22,Female,Divorced,US Citizen,No,White,2011-02-21,2013-04-01,unhappy,Voluntarily Terminated,Production,Production Technician II,Amy Dunn,Search Engine - Google Bing Yahoo,Fully Meets,23,1306058509,mgr_9473f62b,src_6c6ed671,dept_90a8834d,23.0,2.0,5360,14.674880219028063
"Jeannite, Tayana",1008020942,MA,1821,1986-11-06,Female,Divorced,US Citizen,No,American Indian or Alaska Native,2011-07-05,,N/A - still employed,Active,Production,Production Technician II,Ketsia Liebig,MBTA ads,Exceeds,22.5,1008020942,mgr_c88cc88c,src_fcb8a679,dept_90a8834d,22.5,3.0,5226,14.30800821355236
"Johnston, Yen",1306057810,MA,2128,1969-09-08,Female,Single,US Citizen,No,White,2014-07-07,,N/A - still employed,Active,Production,Production Technician II,Brannon Miller,Professional Society,Exceptional,25,1306057810,mgr_740e145e,src_d20862d8,dept_90a8834d,25.0,4.0,4128,11.301848049281315
"Langford, Lindsey",1010022030,MA,2090,1979-07-25,Female,Divorced,US Citizen,No,Asian,2013-01-07,2014-03-31,Another position,Voluntarily Terminated,Production,Production Technician II,David Stanley,Glassdoor,Fully Meets,22,1010022030,mgr_4a4deca7,src_c7894b70,dept_90a8834d,22.0,2.0,4674,12.796714579055442
"Latif, Mohammed",1104025486,MA,2126,1984-05-09,Male,Married,US Citizen,No,White,2012-04-02,2013-04-15,more money,Voluntarily Terminated,Production,Production Technician II,Kissy Sullivan,Word of Mouth,Fully Meets,28,1104025486,mgr_5bab9112,src_c17cac09,dept_90a8834d,28.0,2.0,4954,13.56331279945243
"Linden, Mathew",1405067565,MA,1770,1979-03-19,Male,Married,US Citizen,No,White,2013-07-08,,N/A - still employed,Leave of Absence,Production,Production Technician II,Kelley Spirea,Information Session,Fully Meets,22,1405067565,mgr_a2138ea7,src_7c44a21f,dept_90a8834d,22.0,2.0,4492,12.2984257357974
"Lundy, Susan",1305056276,MA,2122,1976-12-26,Female,Widowed,US Citizen,No,White,2013-07-08,2013-09-15,more money,Voluntarily Terminated,Production,Production Technician II,Michael Albert,On-campus Recruiting,N/A- too early to review,24,1305056276,mgr_b5b7b67c,src_90063453,dept_90a8834d,24.0,,4492,12.2984257357974
"Lunquist, Lisa",1001504432,MA,2324,1982-03-28,Female,Single,US Citizen,No,Black or African American,2013-08-19,,N/A - still employed,Active,Production,Production Technician II,Elijiah Gray,Glassdoor,Exceeds,26.1,1001504432,mgr_bd364829,src_c7894b70,dept_90a8834d,26.1,3.0,4450,12.183436002737851
"Manchester, Robyn",1110029623,MA,2324,1976-08-25,Female,Married,US Citizen,No,White,2016-05-11,,N/A - Has not started yet,Future Start,Production,Production Technician II,Webster Butler,Vendor Referral,N/A- too early to review,23,1110029623,mgr_fe41f2e3,src_fde39a41,dept_90a8834d,23.0,,3454,9.456536618754278
"Mancuso, Karen",1304055986,MA,2176,1986-12-10,Female,Married,US Citizen,No,Two or more races,2011-07-05,2011-08-19,Another position,Voluntarily Terminated,Production,Production Technician II,Amy Dunn,Newspager/Magazine,N/A- too early to review,23,1304055986,mgr_9473f62b,src_a604ae30,dept_90a8834d,23.0,,5226,14.30800821355236
"McCarthy, Brigit",1406067957,MA,2149,1987-05-21,Female,Single,US Citizen,No,White,2015-03-30,,N/A - still employed,Active,Production,Production Technician II,Ketsia Liebig,Newspager/Magazine,N/A- too early to review,26,1406067957,mgr_c88cc88c,src_a604ae30,dept_90a8834d,26.0,,3862,10.573579739904176
"Miller, Ned",1205033439,MA,2472,1985-06-29,Male,Single,US Citizen,No,White,2011-08-15,2014-09-04,unhappy,Voluntarily Terminated,Production,Production Technician II,Brannon Miller,MBTA ads,PIP,25,1205033439,mgr_740e145e,src_fcb8a679,dept_90a8834d,25.0,0.5,5185,14.195756331279945
"Monkfish, Erasumus",1404066711,MA,1450,1992-08-17,Male,Married,US Citizen,No,White,2011-11-07,,N/A - still employed,Active,Production,Production Technician II,David Stanley,Professional Society,Fully Meets,27,1404066711,mgr_4a4deca7,src_d20862d8,dept_90a8834d,27.0,2.0,5101,13.96577686516085
"Monterro, Luisa",1001103149,MA,2126,1970-04-24,Female,Single,US Citizen,No,Black or African American,2013-05-13,,N/A - still employed,Active,Production,Production Technician II,Kissy Sullivan,Billboard,Exceptional,25,1001103149,mgr_5bab9112,src_5a602278,dept_90a8834d,25.0,4.0,4548,12.451745379876797
"Moran, Patrick",1408069503,MA,2127,1976-12-03,Male,Single,US Citizen,No,Hispanic,2012-01-09,,N/A - still employed,Leave of Absence,Production,Production Technician II,Kelley Spirea,Diversity Job Fair,Fully Meets,26,1408069503,mgr_a2138ea7,src_586af9b7,dept_90a8834d,26.0,2.0,5038,13.793292265571527
"Moumanil, Maliki",1301052436,MA,1460,1974-12-01,Male,Separated,US Citizen,No,Black or African American,2013-05-13,,N/A - still employed,Active,Production,Production Technician II,Michael Albert,On-campus Recruiting,Fully Meets,29,1301052436,mgr_b5b7b67c,src_90063453,dept_90a8834d,29.0,2.0,4548,12.451745379876797
"Nowlan, Kristie",1104025435,MA,1040,1985-11-23,Female,Single,US Citizen,No,White,2014-11-10,,N/A - still employed,Active,Production,Production Technician II,Elijiah Gray,Glassdoor,Fully Meets,26.39,1104025435,mgr_bd364829,src_c7894b70,dept_90a8834d,26.39,2.0,4002,10.956878850102669
"Oliver, Brooke",1001856521,MA,2492,1952-02-11,Female,Married,US Citizen,No,Asian,2012-05-14,2013-08-19,unhappy,Voluntarily Terminated,Production,Production Technician II,Webster Butler,Newspager/Magazine,90-day meets,25,1001856521,mgr_fe41f2e3,src_a604ae30,dept_90a8834d,25.0,2.0,4912,13.44832306639288
"Pelletier, Ermine",1202031821,MA,2472,1989-07-18,Female,Married,US Citizen,No,Asian,2011-07-05,2011-09-15,unhappy,Voluntarily Terminated,Production,Production Technician II,Amy Dunn,Monster.com,N/A- too early to review,28,1202031821,mgr_9473f62b,src_5c4df046,dept_90a8834d,28.0,,5226,14.30800821355236
"Peters, Lauren",1411071406,MA,1886,1986-08-17,Female,Married,US Citizen,No,White,2011-05-16,2012-02-04,more money,Voluntarily Terminated,Production,Production Technician II,Ketsia Liebig,Pay Per Click - Google,Exceeds,29,1411071406,mgr_c88cc88c,src_14b168ca,dept_90a8834d,29.0,3.0,5276,14.444900752908966
"Petingill, Shana",1103024843,MA,2050,1979-03-10,Female,Married,Eligible NonCitizen,No,Asian,2012-04-02,,N/A - still employed,Active,Production,Production Technician II,Brannon Miller,MBTA ads,Fully Meets,26,1103024843,mgr_740e145e,src_fcb8a679,dept_90a8834d,26.0,2.0,4954,13.56331279945243
"Roberson, May",1402065340,MA,1902,1981-09-05,Female,Divorced,Eligible NonCitizen,No,White,2011-09-26,2011-10-22,return to school,Voluntarily Terminated,Production,Production Technician II,David Stanley,Search Engine - Google Bing Yahoo,N/A- too early to review,26,1402065340,mgr_4a4deca7,src_6c6ed671,dept_90a8834d,26.0,,5143,14.080766598220396
"Robertson, Peter",1499902991,MA,2138,1972-07-03,Male,Married,US Citizen,No,White,2011-07-05,2012-02-08,Another position,Voluntarily Terminated,Production,Production Technician II,Kissy Sullivan,Glassdoor,Fully Meets,22,1499902991,mgr_5bab9112,src_c7894b70,dept_90a8834d,22.0,2.0,5226,14.30800821355236
"Sahoo, Adil",1106026462,MA,2062,1986-04-26,Male,Married,US Citizen,No,White,2010-08-30,,N/A - still employed,Active,Production,Production Technician II,Kelley Spirea,Monster.com,Fully Meets,29,1106026462,mgr_a2138ea7,src_5c4df046,dept_90a8834d,29.0,2.0,5535,15.154004106776181
"Sloan, Constance",1012023103,MA,1851,1987-11-25,Female,Single,US Citizen,No,White,2009-10-26,2015-04-08,maternity leave - did not return,Voluntarily Terminated,Production,Production Technician II,Michael Albert,Monster.com,Fully Meets,23,1012023103,mgr_b5b7b67c,src_5c4df046,dept_90a8834d,23.0,2.0,5843,15.997262149212867
"Smith, Joe",1001970770,MA,2045,1963-10-30,Male,Single,US Citizen,No,White,2014-09-29,,N/A - still employed,Active,Production,Production Technician II,Elijiah Gray,Pay Per Click - Google,Exceeds,22,1001970770,mgr_bd364829,src_14b168ca,dept_90a8834d,22.0,3.0,4044,11.071868583162217
"Tejeda, Lenora",1406068345,MA,2129,1953-05-24,Female,Married,US Citizen,No,White,2011-05-16,2012-07-08,Another position,Voluntarily Terminated,Production,Production Technician II,Elijiah Gray,Search Engine - Google Bing Yahoo,Fully Meets,28.75,1406068345,mgr_bd364829,src_6c6ed671,dept_90a8834d,28.75,2.0,5276,14.444900752908966
"Thibaud, Kenneth",1011022777,MA,2472,1975-09-16,Male,Widowed,US Citizen,No,White,2007-06-25,2010-08-30,military,Voluntarily Terminated,Production,Production Technician II,Webster Butler,Pay Per Click - Google,Fully Meets,23,1011022777,mgr_fe41f2e3,src_14b168ca,dept_90a8834d,23.0,2.0,6697,18.33538672142368
"Trzeciak, Cybil",1107027551,MA,1778,1985-03-15,Female,Single,US Citizen,No,White,2011-01-10,2012-07-02,unhappy,Voluntarily Terminated,Production,Production Technician II,Amy Dunn,Vendor Referral,Fully Meets,22,1107027551,mgr_9473f62b,src_fde39a41,dept_90a8834d,22.0,2.0,5402,14.789869952087612
"Walker, Roger",1011022818,MA,2459,1976-02-10,Male,Single,US Citizen,No,Black or African American,2014-08-18,,N/A - still employed,Active,Production,Production Technician II,Ketsia Liebig,Employee Referral,Fully Meets,22,1011022818,mgr_c88cc88c,src_3c7e3bf3,dept_90a8834d,22.0,2.0,4086,11.186858316221766
"Winthrop, Jordan",1405067188,MA,2045,1958-11-07,Male,Single,US Citizen,No,White,2013-01-07,2016-02-21,retiring,Voluntarily Terminated,Production,Production Technician II,Brannon Miller,Professional Society,Exceeds,29,1405067188,mgr_740e145e,src_d20862d8,dept_90a8834d,29.0,3.0,4674,12.796714579055442
"Wolk, Hang T",1205033180,MA,2302,1985-04-20,Female,Single,US Citizen,No,White,2014-09-29,,N/A - still employed,Active,Production,Production Technician II,David Stanley,Newspager/Magazine,Fully Meets,22,1205033180,mgr_4a4deca7,src_a604ae30,dept_90a8834d,22.0,2.0,4044,11.071868583162217
"Woodson, Jason",1012023010,MA,1810,1985-05-11,Male,Single,US Citizen,No,White,2014-07-07,,N/A - still employed,Active,Production,Production Technician II,Kissy Sullivan,Vendor Referral,Fully Meets,24.25,1012023010,mgr_5bab9112,src_fde39a41,dept_90a8834d,24.25,2.0,4128,11.301848049281315
"Buck, Edward",1504073313,MA,2330,1975-07-07,Male,Married,US Citizen,No,White,2014-09-29,,N/A - still employed,Active,Sales,Area Sales Manager,Lynn Daneault,Employee Referral,Fully Meets,55,1504073313,mgr_07b65489,src_3c7e3bf3,dept_59248c4d,55.0,2.0,4044,11.071868583162217
"Bunbury, Jessica",1504073368,VA,21851,1964-06-01,Female,Married,Eligible NonCitizen,No,Black or African American,2011-08-15,2014-08-02,Another position,Voluntarily Terminated,Sales,Area Sales Manager,John Smith,Social Networks - Facebook Twitter etc,Fully Meets,55,1504073368,mgr_33dcc325,src_0dac6dfa,dept_59248c4d,55.0,2.0,5185,14.195756331279945
"Carter, Michelle",1403065721,VT,5664,1963-05-15,Female,Single,US Citizen,No,White,2014-08-18,,N/A - still employed,Active,Sales,Area Sales Manager,John Smith,Billboard,Fully Meets,55,1403065721,mgr_33dcc325,src_5a602278,dept_59248c4d,55.0,2.0,4086,11.186858316221766
"Costa, Latia",1409070567,CA,90007,1988-11-08,Female,Single,US Citizen,No,White,2011-01-10,,N/A - still employed,Active,Sales,Area Sales Manager,Lynn Daneault,Other,Exceeds,55,1409070567,mgr_07b65489,src_d0941e68,dept_59248c4d,55.0,3.0,5402,14.789869952087612
"Dietrich, Jenna",1408069481,WA,98052,1987-05-14,Female,Single,US Citizen,Yes,White,2012-02-20,,N/A - still employed,Active,Sales,Area Sales Manager,John Smith,Website Banner Ads,PIP,55,1408069481,mgr_33dcc325,src_32925118,dept_59248c4d,55.0,0.5,4996,13.678302532511978
"Digitale, Alfred",1306059197,NH,3062,1988-09-14,Male,Married,US Citizen,No,American Indian or Alaska Native,2014-08-18,,N/A - still employed,Active,Sales,Area Sales Manager,John Smith,Pay Per Click - Google,Fully Meets,56,1306059197,mgr_33dcc325,src_14b168ca,dept_59248c4d,56.0,2.0,4086,11.186858316221766
"Fraval, Maruk",1411071302,CT,6050,1963-08-28,Male,Single,US Citizen,No,Black or African American,2011-09-06,,N/A - still employed,Active,Sales,Area Sales Manager,Lynn Daneault,Monster.com,Fully Meets,55,1411071302,mgr_07b65489,src_5c4df046,dept_59248c4d,55.0,2.0,5163,14.13552361396304
"Friedman, Gerry",1204032843,NY,10171,1969-02-24,Male,Single,US Citizen,Yes,Two or more races,2011-03-07,,N/A - still employed,Active,Sales,Area Sales Manager,John Smith,Diversity Job Fair,Fully Meets,55.5,1204032843,mgr_33dcc325,src_586af9b7,dept_59248c4d,55.5,2.0,5346,14.636550308008214
"Gill, Whitney",1302053046,OH,43050,1971-07-10,Female,Widowed,US Citizen,No,Black or African American,2014-07-07,2015-09-05,attendance,Terminated for Cause,Sales,Area Sales Manager,John Smith,Monster.com,Fully Meets,55,1302053046,mgr_33dcc325,src_5c4df046,dept_59248c4d,55.0,2.0,4128,11.301848049281315
"Givens, Myriam",1203032099,IN,46204,1989-09-22,Female,Single,US Citizen,No,White,2015-02-16,,N/A - still employed,Active,Sales,Area Sales Manager,Lynn Daneault,Pay Per Click - Google,90-day meets,55,1203032099,mgr_07b65489,src_14b168ca,dept_59248c4d,55.0,2.0,3904,10.688569472963723
"Gonzales, Ricardo",1411071481,ID,83706,1954-10-12,Male,Married,US Citizen,No,White,2014-05-12,,N/A - still employed,Active,Sales,Area Sales Manager,John Smith,Monster.com,Fully Meets,55.5,1411071481,mgr_33dcc325,src_5c4df046,dept_59248c4d,55.5,2.0,4184,11.455167693360712
"Guilianno, Mike",1001167253,TN,37129,1969-02-09,Male,Single,US Citizen,No,Two or more races,2011-03-07,2014-10-31,relocation out of area,Voluntarily Terminated,Sales,Area Sales Manager,John Smith,Newspager/Magazine,Fully Meets,55,1001167253,mgr_33dcc325,src_a604ae30,dept_59248c4d,55.0,2.0,5346,14.636550308008214
Jeremy Prater,1001084890,NV,89139,1974-05-09,Male,Married,US Citizen,No,White,2014-05-12,,N/A - still employed,Active,Sales,Area Sales Manager,Lynn Daneault,Website Banner Ads,PIP,56,1001084890,mgr_07b65489,src_32925118,dept_59248c4d,56.0,0.5,4184,11.455167693360712
"Khemmich, Bartholemew",1104025008,CO,80820,1979-11-27,Male,Single,US Citizen,No,White,2013-08-19,,N/A - still employed,Active,Sales,Area Sales Manager,Lynn Daneault,Pay Per Click - Google,Fully Meets,55,1104025008,mgr_07b65489,src_14b168ca,dept_59248c4d,55.0,2.0,4450,12.183436002737851
"Leruth, Giovanni",1412071660,UT,84111,1988-12-27,Male,Separated,US Citizen,No,Black or African American,2012-04-30,,N/A - still employed,Active,Sales,Area Sales Manager,John Smith,Website Banner Ads,Fully Meets,55,1412071660,mgr_33dcc325,src_32925118,dept_59248c4d,55.0,2.0,4926,13.486652977412732
"Martins, Joseph",1209048771,TX,78207,1970-06-11,Male,Single,Eligible NonCitizen,No,Black or African American,2012-05-14,,N/A - still employed,Active,Sales,Area Sales Manager,Lynn Daneault,Employee Referral,Fully Meets,56,1209048771,mgr_07b65489,src_3c7e3bf3,dept_59248c4d,56.0,2.0,4912,13.44832306639288
"McKinzie, Jac",1209049326,TX,78789,1984-07-01,Male,Married,US Citizen,No,Two or more races,2016-07-06,,N/A - Has not started yet,Future Start,Sales,Area Sales Manager,Lynn Daneault,Website Banner Ads,N/A- too early to review,55,1209049326,mgr_07b65489,src_32925118,dept_59248c4d,55.0,,3398,9.30321697467488
"Mullaney, Howard",1306057978,AL,36006,1975-11-02,Male,Single,US Citizen,No,Two or more races,2014-09-29,,N/A - still employed,Active,Sales,Area Sales Manager,John Smith,Internet Search,Needs Improvement,55,1306057978,mgr_33dcc325,src_7b0a226c,dept_59248c4d,55.0,1.0,4044,11.071868583162217
"Nguyen, Dheepa",1111030684,GA,30428,1989-03-31,Female,Single,US Citizen,No,Two or more races,2013-07-08,,N/A - still employed,Active,Sales,Area Sales Manager,Lynn Daneault,Pay Per Click - Google,Fully Meets,55,1111030684,mgr_07b65489,src_14b168ca,dept_59248c4d,55.0,2.0,4492,12.2984257357974
"Onque, Jasmine",1501072180,FL,33174,1990-05-11,Female,Single,US Citizen,Yes,White,2013-09-30,,N/A - still employed,Active,Sales,Area Sales Manager,Lynn Daneault,Pay Per Click - Google,Fully Meets,57,1501072180,mgr_07b65489,src_14b168ca,dept_59248c4d,57.0,2.0,4408,12.068446269678303
"Ozark, Travis",812011761,NC,27229,1982-05-19,Male,Single,US Citizen,No,White,2015-01-05,,N/A - still employed,Active,Sales,Area Sales Manager,John Smith,Website Banner Ads,90-day meets,55,812011761,mgr_33dcc325,src_32925118,dept_59248c4d,55.0,2.0,3946,10.803559206023271
"Potts, Xana",1102024106,KY,40220,1988-08-29,Female,Married,US Citizen,No,Black or African American,2012-01-09,,N/A - still employed,Active,Sales,Area Sales Manager,Lynn Daneault,Website Banner Ads,Fully Meets,55,1102024106,mgr_07b65489,src_32925118,dept_59248c4d,55.0,2.0,5038,13.793292265571527
"Riordan, Michael",1502072711,ND,58782,1968-01-15,Male,Separated,US Citizen,No,White,2006-01-09,,N/A - still employed,Active,Sales,Area Sales Manager,Lynn Daneault,Billboard,Exceeds,55,1502072711,mgr_07b65489,src_5a602278,dept_59248c4d,55.0,3.0,7229,19.79192334017796
"Strong, Caitrin",1411071295,MT,59102,1989-05-12,Female,Married,US Citizen,No,Black or African American,2010-09-27,,N/A - still employed,Active,Sales,Area Sales Manager,John Smith,Professional Society,Fully Meets,54,1411071295,mgr_33dcc325,src_d20862d8,dept_59248c4d,54.0,2.0,5507,15.077344284736482
"Terry, Sharlene",1401064637,OR,97756,1965-05-07,Female,Single,US Citizen,No,Black or African American,2014-09-29,,N/A - still employed,Active,Sales,Area Sales Manager,Lynn Daneault,Monster.com,Fully Meets,55,1401064637,mgr_07b65489,src_5c4df046,dept_59248c4d,55.0,2.0,4044,11.071868583162217
"Valentin,Jackie",1312063714,AZ,85006,1991-05-23,Female,Married,US Citizen,No,Two or more races,2011-07-05,,N/A - still employed,Active,Sales,Area Sales Manager,John Smith,Other,Fully Meets,55,1312063714,mgr_33dcc325,src_d0941e68,dept_59248c4d,55.0,2.0,5226,14.30800821355236
"Villanueva, Noah",1111030503,ME,4063,1989-07-11,Male,Single,US Citizen,No,Asian,2012-03-05,,N/A - still employed,Active,Sales,Area Sales Manager,John Smith,Website Banner Ads,Fully Meets,56,1111030503,mgr_33dcc325,src_32925118,dept_59248c4d,56.0,2.0,4982,13.639972621492129
"Houlihan, Debra",1009021646,RI,2908,1966-03-17,Female,Married,US Citizen,No,White,2014-05-05,,N/A - still employed,Active,Sales,Director of Sales,Janet King,MBTA ads,Fully Meets,60,1009021646,mgr_bab8c0b5,src_fcb8a679,dept_59248c4d,60.0,2.0,4191,11.474332648870636
"Daneault, Lynn",1402065303,VT,5473,1990-04-19,Female,Single,US Citizen,No,White,2014-05-05,,N/A - still employed,Active,Sales,Sales Manager,Debra Houlihan,Pay Per Click - Google,Fully Meets,54,1402065303,mgr_d1228437,src_14b168ca,dept_59248c4d,54.0,2.0,4191,11.474332648870636
"Kampew, Donysha",1109029264,PA,19444,1989-11-11,Female,Single,US Citizen,No,White,2011-11-07,2014-04-24,maternity leave - did not return,Voluntarily Terminated,Sales,Sales Manager,Debra Houlihan,Social Networks - Facebook Twitter etc,Fully Meets,60.25,1109029264,mgr_d1228437,src_0dac6dfa,dept_59248c4d,60.25,2.0,5101,13.96577686516085
"Smith, John",1499902910,MA,1886,1984-08-16,Male,Divorced,US Citizen,No,Black or African American,2014-05-18,,N/A - still employed,Active,Sales,Sales Manager,Debra Houlihan,Diversity Job Fair,Needs Improvement,56,1499902910,mgr_d1228437,src_586af9b7,dept_59248c4d,56.0,1.0,4178,11.43874058863792
"Andreola, Colby",1107027358,MA,2110,1979-05-24,Female,Single,US Citizen,No,White,2014-11-10,,N/A - still employed,Active,Software Engineering,Software Engineer,Alex Sweetwater,Vendor Referral,Fully Meets,47.6,1107027358,mgr_f8eba140,src_fde39a41,dept_8c89461a,47.6,2.0,4002,10.956878850102669
"Carabbio, Judith",1101023577,MA,2132,1987-04-05,Female,Single,US Citizen,No,White,2013-11-11,,N/A - still employed,Active,Software Engineering,Software Engineer,Alex Sweetwater,Pay Per Click - Google,90-day meets,56,1101023577,mgr_f8eba140,src_14b168ca,dept_8c89461a,56.0,2.0,4366,11.953456536618754
"Del Bosque, Keyla",1203032498,MA,2176,1979-07-05,Female,Single,US Citizen,No,Black or African American,2012-01-09,,N/A - still employed,Active,Software Engineering,Software Engineer,Alex Sweetwater,Monster.com,90-day meets,57.12,1203032498,mgr_f8eba140,src_5c4df046,dept_8c89461a,57.12,2.0,5038,13.793292265571527
"Exantus, Susan",1401064670,MA,1749,1987-05-15,Female,Married,US Citizen,No,Black or African American,2011-05-02,2013-06-05,attendance,Terminated for Cause,Software Engineering,Software Engineer,Alex Sweetwater,Billboard,Needs Improvement,48.5,1401064670,mgr_f8eba140,src_5a602278,dept_8c89461a,48.5,1.0,5290,14.483230663928817
"Martin, Sandra",1303054625,MA,2135,1987-11-07,Female,Single,US Citizen,No,Asian,2013-11-11,,N/A - still employed,Active,Software Engineering,Software Engineer,Alex Sweetwater,Search Engine - Google Bing Yahoo,Fully Meets,55.51,1303054625,mgr_f8eba140,src_6c6ed671,dept_8c89461a,55.51,2.0,4366,11.953456536618754
"Patronick, Luke",1112030979,MA,1844,1979-02-20,Male,Single,US Citizen,No,Asian,2011-11-07,2015-09-07,Another position,Voluntarily Terminated,Software Engineering,Software Engineer,Alex Sweetwater,Diversity Job Fair,Exceeds,52.25,1112030979,mgr_f8eba140,src_586af9b7,dept_8c89461a,52.25,3.0,5101,13.96577686516085
"Saada, Adell",1012023185,MA,2132,1986-07-24,Female,Married,US Citizen,No,White,2012-11-05,,N/A - still employed,Active,Software Engineering,Software Engineer,Alex Sweetwater,Pay Per Click - Google,Fully Meets,49.25,1012023185,mgr_f8eba140,src_14b168ca,dept_8c89461a,49.25,2.0,4737,12.969199178644764
"Szabo, Andrew",1201031324,MA,2140,1983-05-06,Male,Single,US Citizen,No,White,2014-07-07,,N/A - still employed,Active,Software Engineering,Software Engineer,Alex Sweetwater,MBTA ads,Exceptional,48,1201031324,mgr_f8eba140,src_fcb8a679,dept_8c89461a,48.0,4.0,4128,11.301848049281315
"True, Edward",1102024057,MA,2451,1983-06-14,Male,Single,Non-Citizen,No,Black or African American,2013-02-18,2014-04-15,medical issues,Voluntarily Terminated,Software Engineering,Software Engineer,Alex Sweetwater,Diversity Job Fair,Fully Meets,45.42,1102024057,mgr_f8eba140,src_586af9b7,dept_8c89461a,45.42,2.0,4632,12.681724845995893
"Sweetwater, Alex",1001644719,MA,2184,1966-11-22,Male,Single,US Citizen,No,White,2011-08-15,,N/A - still employed,Active,Software Engineering,Software Engineering Manager,Jennifer Zamora,Search Engine - Google Bing Yahoo,Fully Meets,27,1001644719,mgr_73ea040b,src_6c6ed671,dept_8c89461a,27.0,2.0,5185,14.195756331279945
"Champaigne, Brian",1009919920,MA,2045,1972-02-09,Male,Married,US Citizen,No,White,2016-09-06,,N/A - still employed,Active,IT/IS,BI Director,Jennifer Zamora,Professional Society,Fully Meets,63.5,1009919920,mgr_73ea040b,src_d20862d8,dept_03d02545,63.5,2.0,3336,9.13347022587269
"Le, Binh",1009919930,MA,1886,1987-06-14,Female,Single,US Citizen,No,Asian,2016-10-02,,N/A - still employed,Active,IT/IS,Senior BI Developer,Brian Champaigne,Indeed,Fully Meets,50.25,1009919930,mgr_33e4407c,src_a85ed0f0,dept_03d02545,50.25,2.0,3310,9.062286105407255
"Rachael, Maggie",1009919940,MA,2110,1980-05-12,Female,Married,US Citizen,No,Black or African American,2016-10-02,,N/A - still employed,Active,IT/IS,BI Developer,Brian Champaigne,Indeed,Fully Meets,45,1009919940,mgr_33e4407c,src_a85ed0f0,dept_03d02545,45.0,2.0,3310,9.062286105407255
"Roper, Katie",1009919950,MA,2056,1972-11-21,Female,Single,US Citizen,No,Black or African American,2017-01-07,,N/A - still employed,Active,IT/IS,Data Architect,Brian Champaigne,Indeed,Fully Meets,55,1009919950,mgr_33e4407c,src_a85ed0f0,dept_03d02545,55.0,2.0,3213,8.796714579055442
"Navathe, Kurt",1009919960,MA,2056,1970-04-25,Male,Single,US Citizen,No,Asian,2017-02-10,,N/A - still employed,Active,IT/IS,Senior BI Developer,Brian Champaigne,Indeed,Fully Meets,52.25,1009919960,mgr_33e4407c,src_a85ed0f0,dept_03d02545,52.25,2.0,3179,8.70362765229295
"Wang, Charlie",1009919970,MA,1887,1981-07-08,Male,Single,US Citizen,No,Asian,2017-02-15,,N/A - still employed,Active,IT/IS,Senior BI Developer,Brian Champaigne,Indeed,Fully Meets,51,1009919970,mgr_33e4407c,src_a85ed0f0,dept_03d02545,51.0,2.0,3174,8.68993839835729
"Smith, Jason",1009919980,MA,2045,1983-09-04,Male,Single,US Citizen,No,White,2017-02-15,,N/A - still employed,Active,IT/IS,BI Developer,Brian Champaigne,Indeed,Fully Meets,46,1009919980,mgr_33e4407c,src_a85ed0f0,dept_03d02545,46.0,2.0,3174,8.68993839835729
"Westinghouse, Matthew",1009919990,MA,2134,1987-10-24,Male,Married,US Citizen,No,White,2017-04-20,,N/A - still employed,Active,IT/IS,BI Developer,Brian Champaigne,Indeed,Fully Meets,45,1009919990,mgr_33e4407c,src_a85ed0f0,dept_03d02545,45.0,2.0,3110,8.514715947980836
"Hubert, Robert",1009920000,MA,2134,1989-06-30,Male,Married,US Citizen,No,Black or African American,2017-04-20,,N/A - still employed,Active,IT/IS,BI Developer,Brian Champaigne,Indeed,Fully Meets,45,1009920000,mgr_33e4407c,src_a85ed0f0,dept_03d02545,45.0,2.0,3110,8.514715947980836
