Employee Name,Employee Number,State,Zip,DOB,Sex,MaritalDesc,CitizenDesc,Hispanic/Latino,RaceDesc,Date of Hire,Date of Termination,Reason For Term,Employment Status,Department,Position,Manager Name,Employee Source,Performance Score,Pay Rate
"Brown, Mia",1103024456,MA,1450,11/24/1987,Female,Married,US Citizen,No,Black or African American,10/27/2008,,N/A - still employed,Active,Admin Offices,Accountant I,Brandon R. LeBlanc,Diversity Job Fair,Fully Meets,28.5
"LaRotonda, William",1106026572,MA,1460,4/26/1984,Male,Divorced,US Citizen,No,Black or African American,1/6/2014,,N/A - still employed,Active,Admin Offices,Accountant I,Brandon R. LeBlanc,Website Banner Ads,Fully Meets,23
"Steans, Tyrone",1302053333,MA,2703,9/1/1986,Male,Single,US Citizen,No,White,9/29/2014,,N/A - still employed,Active,Admin Offices,Accountant I,Brandon R. LeBlanc,Internet Search,Fully Meets,29
"Howard, Estelle",1211050782,MA,2170,9/16/1985,Female,Married,US Citizen,No,White,2/16/2015,,N/A - still employed,Active,Admin Offices,Administrative Assistant,Brandon R. LeBlanc,Pay Per Click - Google,N/A- too early to review,21.5
"Singh, Nan",1307059817,MA,2330,5/19/1988,Female,Single,US Citizen,No,White,5/1/2015,,N/A - still employed,Active,Admin Offices,Administrative Assistant,Brandon R. LeBlanc,Website Banner Ads,N/A- too early to review,16.56
"Smith, Leigh Ann",711007713,MA,1844,6/14/1987,Female,Married,US Citizen,No,Asian,9/26/2011,9/25/2013,career change,Voluntarily Terminated,Admin Offices,Administrative Assistant,Brandon R. LeBlanc,Diversity Job Fair,Fully Meets,20.5
"LeBlanc, Brandon R",1102024115,MA,1460,6/10/1984,Male,Married,US Citizen,No,White,1/5/2016,,N/A - still employed,Active,Admin Offices,Shared Services Manager,Janet King,Monster.com,Fully Meets,55
"Quinn, Sean",1206043417,MA,2045,11/6/1984,Male,Married,Eligible NonCitizen,No,Black or African American,2/21/2011,8/15/2015,career change,Voluntarily Terminated,Admin Offices,Shared Services Manager,Janet King,Diversity Job Fair,Fully Meets,55
"Boutwell, Bonalyn",1307060188,MA,2468,4/4/1987,Female,Married,US Citizen,No,Asian,2/16/2015,,N/A - still employed,Active,Admin Offices,Sr. Accountant,Brandon R. LeBlanc,Diversity Job Fair,90-day meets,34.95
"Foster-Baker, Amy",1201031308,MA,2050,4/16/1979,Female,Married,US Citizen,no,White,1/5/2009,,N/A - still employed,Active,Admin Offices,Sr. Accountant,Board of Directors,Other,Fully Meets,34.95
"King, Janet",1001495124,MA,1902,9/21/1954,Female,Married,US Citizen,Yes,White,7/2/2012,,N/A - still employed,Active,Executive Office,President & CEO,Board of Directors,Pay Per Click - Google,Fully Meets,80
"Zamora, Jennifer",1112030816,MA,2067,8/30/1979,Female,Single,US Citizen,No,White,4/10/2010,,N/A - still employed,Active,IT/IS,CIO,Janet King,Employee Referral,Exceptional,65
"Becker, Renee",1102024056,MA,2026,4/4/1986,Female,Single,US Citizen,Yes,White,7/7/2014,9/12/2015,performance,Terminated for Cause,IT/IS,Database Administrator,Simon Roup,Search Engine - Google Bing Yahoo,Fully Meets,43
"Goble, Taisha",905013738,MA,2127,10/23/1971,Female,Single,US Citizen,No,White,2/16/2015,3/15/2015,"no-call, no-show",Terminated for Cause,IT/IS,Database Administrator,Simon Roup,Glassdoor,Fully Meets,48.5
"Hernandez, Daniff",1410071156,MA,1960,8/7/1986,Male,Married,US Citizen,No,Black or African American,2/16/2015,2/22/2015,"no-call, no-show",Terminated for Cause,IT/IS,Database Administrator,Simon Roup,Employee Referral,N/A- too early to review,40.1
"Horton, Jayne",1105025718,MA,2493,2/21/1984,Female,Single,US Citizen,No,White,3/30/2015,,N/A - still employed,Active,IT/IS,Database Administrator,Simon Roup,Glassdoor,N/A- too early to review,34
"Johnson, Noelle",1003018246,MA,2301,11/7/1986,Female,Married,US Citizen,No,Asian,1/5/2015,,N/A - still employed,Leave of Absence,IT/IS,Database Administrator,Simon Roup,Glassdoor,90-day meets,40
"Murray, Thomas",1406068403,TX,78230,7/4/1988,Male,Divorced,US Citizen,No,Black or African American,11/10/2014,,N/A - still employed,Active,IT/IS,Database Administrator,Simon Roup,Diversity Job Fair,Exceptional,35.5
"Pearson, Randall",1102023965,MA,2747,9/5/1984,Male,Married,US Citizen,No,White,12/1/2014,5/1/2016,performance,Voluntarily Terminated,IT/IS,Database Administrator,Simon Roup,Employee Referral,Fully Meets,41
"Petrowsky, Thelma",1108027853,MA,1886,9/16/1984,Female,Married,US Citizen,No,Asian,11/10/2014,,N/A - still employed,Active,IT/IS,Database Administrator,Simon Roup,Employee Referral,Exceptional,42.75
"Roby, Lori",1407068885,MA,1886,10/11/1981,Female,Married,US Citizen,No,White,2/16/2015,,N/A - still employed,Active,IT/IS,Database Administrator,Simon Roup,Employee Referral,Fully Meets,39.55
"Rogers, Ivan",1203032255,MA,1810,8/26/1986,Male,Married,US Citizen,No,White,3/30/2015,,N/A - still employed,Active,IT/IS,Database Administrator,Simon Roup,Pay Per Click - Google,N/A- too early to review,42.2
"Salter, Jason",1111030148,MA,2452,12/17/1987,Male,Divorced,US Citizen,No,Black or African American,1/5/2015,10/31/2015,hours,Voluntarily Terminated,IT/IS,Database Administrator,Simon Roup,Vendor Referral,90-day meets,45
"Simard, Kramer",808010278,MA,2110,2/8/1970,Male,Married,US Citizen,Yes,White,1/5/2015,,N/A - still employed,Active,IT/IS,Database Administrator,Simon Roup,Employee Referral,90-day meets,30.2
"Zhou, Julia",1110029732,MA,2148,2/24/1979,Female,Single,US Citizen,No,White,3/30/2015,,N/A - still employed,Active,IT/IS,Database Administrator,Simon Roup,Employee Referral,90-day meets,31.4
"Foss, Jason",1192991000,MA,1460,7/5/1980,Male,Single,US Citizen,No,Black or African American,4/15/2011,,N/A - still employed,Active,IT/IS,IT Director,Jennifer Zamora,Professional Society,Exceptional,65
"Roup,Simon",1106026933,MA,2481,4/5/1973,Male,Single,US Citizen,No,White,1/20/2013,,N/A - still employed,Active,IT/IS,IT Manager - DB,Jennifer Zamora,Professional Society,Fully Meets,62
"Ruiz, Ricardo",1001175250,MA,1915,1/4/1964,Male,Divorced,US Citizen,No,Two or more races,1/9/2012,11/4/2015,hours,Voluntarily Terminated,IT/IS,IT Manager - DB,Jennifer Zamora,Diversity Job Fair,Fully Meets,21
"Monroe, Peter",1011022863,MA,2134,10/5/1986,Male,Married,Eligible NonCitizen,Yes,Hispanic,2/15/2012,,N/A - still employed,Active,IT/IS,IT Manager - Infra,Jennifer Zamora,Diversity Job Fair,Needs Improvement,63
"Dougall, Eric",1101023754,MA,1886,7/9/1970,Male,Single,US Citizen,No,White,1/5/2014,,N/A - still employed,Active,IT/IS,IT Manager - Support,Jennifer Zamora,Professional Society,Exceeds,64
"Clayton, Rick",1301052902,MA,2170,9/5/1985,Male,Single,US Citizen,No,White,9/5/2012,,N/A - still employed,Active,IT/IS,IT Support,Eric Dougall,Glassdoor,Fully Meets,28.99
"Galia, Lisa",1501072093,CT,6040,7/6/1968,Female,Single,US Citizen,No,White,5/1/2010,,N/A - still employed,Active,IT/IS,IT Support,Eric Dougall,Vendor Referral,Fully Meets,31.4
"Lindsay, Leonara",602000312,CT,6070,10/5/1988,Female,Single,US Citizen,Yes,Two or more races,1/21/2011,,N/A - still employed,Active,IT/IS,IT Support,Eric Dougall,Diversity Job Fair,Exceeds,26
"Soto, Julia",1203032263,MA,2360,3/12/1973,Female,Married,US Citizen,No,Black or African American,6/10/2011,,N/A - still employed,Active,IT/IS,IT Support,Eric Dougall,Information Session,Fully Meets,27.49
"Bacong, Alejandro",1212052023,MA,1886,1/7/1988,Male,Divorced,US Citizen,No,White,1/5/2015,,N/A - still employed,Active,IT/IS,Network Engineer,Peter Monroe,Glassdoor,90-day meets,45
"Cisco, Anthony",1102024173,MA,2135,11/24/1989,Male,Married,US Citizen,Yes,White,3/30/2015,,N/A - still employed,Active,IT/IS,Network Engineer,Peter Monroe,Information Session,N/A- too early to review,42
"Dolan, Linda",1101023540,MA,2119,7/18/1988,Female,Married,US Citizen,No,White,1/5/2015,,N/A - still employed,Active,IT/IS,Network Engineer,Peter Monroe,Employee Referral,90-day meets,37
"Gonzalez, Maria",1988299991,MA,2472,4/16/1981,Female,Separated,US Citizen,Yes,White,1/5/2015,,N/A - still employed,Active,IT/IS,Network Engineer,Peter Monroe,Employee Referral,Fully Meets,39
"Merlos, Carlos",1012023013,MA,2138,6/18/1987,Male,Single,US Citizen,No,White,3/30/2015,,N/A - still employed,Active,IT/IS,Network Engineer,Peter Monroe,Vendor Referral,N/A- too early to review,43
"Morway, Tanya",1001956578,MA,2048,4/4/1979,Female,Married,US Citizen,No,White,2/16/2015,,N/A - still employed,Active,IT/IS,Network Engineer,Peter Monroe,Monster.com,Fully Meets,27
"Shepard, Anita",906014183,MA,1773,4/14/1981,Female,Married,US Citizen,No,White,9/30/2014,,N/A - still employed,Active,IT/IS,Network Engineer,Peter Monroe,Vendor Referral,Fully Meets,47
"Tredinnick, Neville",1104025466,MA,1420,5/5/1988,Male,Married,US Citizen,No,White,1/5/2015,5/12/2015,medical issues,Voluntarily Terminated,IT/IS,Network Engineer,Peter Monroe,Monster.com,Fully Meets,28
"Turpin, Jumil",1411071506,MA,2343,3/31/1969,Male,Married,Eligible NonCitizen,No,White,3/30/2015,,N/A - still employed,Active,IT/IS,Network Engineer,Peter Monroe,Employee Referral,N/A- too early to review,49.1
"Ait Sidi, Karthikeyan",1307060199,MA,2148,5/5/1975,Male,Married,US Citizen,No,White,3/30/2015,6/16/2016,career change,Voluntarily Terminated,IT/IS,Sr. DBA,Simon Roup,Company Intranet - Partner,Fully Meets,62
"Carr, Claudia N",1010022337,MA,1886,6/6/1986,Female,Single,US Citizen,No,Black or African American,6/30/2016,,N/A - Has not started yet,Future Start,IT/IS,Sr. DBA,Simon Roup,Vendor Referral,N/A- too early to review,61.3
"Favis, Donald",1412071562,CT,6033,7/30/1964,Male,Single,US Citizen,No,Black or African American,2/17/2014,2/19/2016,hours,Terminated for Cause,IT/IS,Sr. DBA,Simon Roup,Vendor Referral,Fully Meets,58.2
"Roehrich, Bianca",1111030266,MA,2703,5/27/1973,Female,Single,US Citizen,Yes,White,1/5/2015,11/10/2015,Another position,Voluntarily Terminated,IT/IS,Sr. DBA,Simon Roup,Vendor Referral,90-day meets,58.5
"Daniele, Ann",1411071312,CT,6033,1/18/1952,Female,Married,US Citizen,No,White,11/10/2014,,N/A - still employed,Leave of Absence,IT/IS,Sr. Network Engineer,Peter Monroe,Vendor Referral,Fully Meets,54.1
"Lajiri, Jyoti",1108028108,MA,2169,4/23/1986,Male,Married,US Citizen,No,White,11/10/2014,,N/A - still employed,Leave of Absence,IT/IS,Sr. Network Engineer,Peter Monroe,Employee Referral,Fully Meets,56.2
"Semizoglou, Jeremiah",904013591,MA,1545,2/9/1983,Male,Married,US Citizen,No,Asian,6/30/2016,,N/A - Has not started yet,Future Start,IT/IS,Sr. Network Engineer,Peter Monroe,On-campus Recruiting,N/A- too early to review,53.8
"South, Joe",1308060959,CT,6278,9/9/1965,Male,Single,US Citizen,No,White,11/10/2014,,N/A - still employed,Active,IT/IS,Sr. Network Engineer,Peter Monroe,Employee Referral,90-day meets,53
"Warfield, Sarah",1301052347,MA,2453,5/2/1978,Female,Widowed,US Citizen,No,Asian,3/30/2015,,N/A - still employed,Active,IT/IS,Sr. Network Engineer,Peter Monroe,Employee Referral,N/A- too early to review,55.2
"Bramante, Elisa",1006020066,MA,2030,3/19/1983,Female,Single,US Citizen,No,Black or African American,1/5/2009,,N/A - still employed,Active,Production,Director of Operations,Janet King,Other,Exceeds,60
"Albert, Michael",1501072311,MA,2169,10/10/1968,Male,Divorced,US Citizen,No,White,8/1/2011,,N/A - still employed,Active,Production,Production Manager,Janet King,Employee Referral,Fully Meets,54.5
"Bozzi, Charles",1303054580,MA,1901,3/10/1970,Male,Single,US Citizen,No,Asian,9/30/2013,8/7/2014,retiring,Voluntarily Terminated,Production,Production Manager,Janet King,Billboard,Fully Meets,50.5
"Butler, Webster L",1110029990,MA,2169,8/9/1983,Male,Single,US Citizen,No,White,1/28/2016,,N/A - still employed,Active,Production,Production Manager,Janet King,Pay Per Click - Google,Exceeds,55
"Dunn, Amy",1409070147,MA,1731,11/28/1973,Female,Single,US Citizen,No,White,9/18/2014,,N/A - still employed,Active,Production,Production Manager,Janet King,Search Engine - Google Bing Yahoo,Fully Meets,51
"Gray, Elijiah",1307060077,MA,1752,7/11/1981,Male,Divorced,US Citizen,No,White,6/2/2015,,N/A - still employed,Active,Production,Production Manager,Janet King,Employee Referral,Fully Meets,54
"Hogland, Jonathan",1001944783,MA,1890,7/1/1972,Male,Married,US Citizen,No,White,1/10/2011,12/12/2015,attendance,Terminated for Cause,Production,Production Manager,Janet King,Employee Referral,Fully Meets,48.5
"Immediato, Walter",1403065874,MA,2128,11/15/1976,Male,Married,US Citizen,No,Asian,2/21/2011,9/24/2012,unhappy,Voluntarily Terminated,Production,Production Manager,Janet King,Other,Needs Improvement,42
"Liebig, Ketsia",1103024679,MA,2110,10/26/1981,Female,Married,US Citizen,No,White,9/30/2013,,N/A - still employed,Active,Production,Production Manager,Janet King,Website Banner Ads,Exceeds,55
"Miller, Brannon",1107027351,MA,2045,8/10/1981,Male,Single,US Citizen,yes,Hispanic,8/16/2012,,N/A - still employed,Active,Production,Production Manager,Janet King,Internet Search,Fully Meets,53
"Peterson, Ebonee",1402065355,MA,2030,5/9/1977,Female,Married,US Citizen,No,White,10/25/2010,5/18/2016,Another position,Voluntarily Terminated,Production,Production Manager,Janet King,Internet Search,Fully Meets,38.5
"Spirea, Kelley",1102024149,MA,2451,9/30/1975,Female,Married,US Citizen,No,White,10/2/2012,,N/A - still employed,Active,Production,Production Manager,Janet King,Vendor Referral,Fully Meets,52
"Stanley, David",1000974650,MA,1803,12/17/1975,Male,Divorced,US Citizen,No,White,7/20/2010,,N/A - still employed,Active,Production,Production Manager,Janet King,Monster.com,Needs Improvement,53
"Sullivan, Kissy",1405067298,MA,1776,3/28/1978,Female,Married,US Citizen,No,Black or African American,1/8/2009,,N/A - still employed,Active,Production,Production Manager,Janet King,Billboard,Fully Meets,55
"Wallace, Courtney E",1410071026,MA,2478,11/14/1955,Female,Married,US Citizen,No,Black or African American,9/26/2011,1/2/2012,Another position,Voluntarily Terminated,Production,Production Manager,Janet King,Diversity Job Fair,Fully Meets,33.5
"Adinolfi, Wilson K",1409070522,MA,1960,7/10/1983,Male,Single,US Citizen,No,White,7/5/2011,,N/A - still employed,Active,Production,Production Technician I,Michael Albert,MBTA ads,Exceeds,20
"Alagbe,Trina",1011022883,MA,1886,9/27/1988,Female,Married,US Citizen,No,White,1/7/2008,,N/A - still employed,Active,Production,Production Technician I,Elijiah Gray,Billboard,Fully Meets,21
"Anderson, Carol",1001417624,MA,2169,9/8/1989,Female,Divorced,US Citizen,No,White,7/11/2011,9/6/2011,return to school,Voluntarily Terminated,Production,Production Technician I,Webster Butler,Word of Mouth,N/A- too early to review,16
"Anderson, Linda",1304055947,MA,1844,5/22/1977,Female,Single,US Citizen,No,White,1/9/2012,,N/A - still employed,Active,Production,Production Technician I,Amy Dunn,MBTA ads,Exceptional,23
"Athwal, Sam",1301052124,MA,2199,2/18/1983,Male,Widowed,US Citizen,No,White,9/30/2013,,N/A - still employed,Active,Production,Production Technician I,Ketsia Liebig,Employee Referral,N/A- too early to review,22
"Bachiochi, Linda",1212051409,MA,1902,2/11/1970,Female,Single,US Citizen,No,Two or more races,7/6/2009,,N/A - still employed,Leave of Absence,Production,Production Technician I,Brannon Miller,Diversity Job Fair,Fully Meets,22
"Baczenski, Rachael",1307060083,MA,1902,1/12/1974,Female,Married,US Citizen,Yes,Hispanic,1/10/2011,1/12/2011,Another position,Voluntarily Terminated,Production,Production Technician I,David Stanley,Diversity Job Fair,N/A- too early to review,17
"Barbara, Thomas",1312063507,MA,2062,2/21/1974,Male,Married,US Citizen,Yes,Asian,4/2/2012,9/19/2012,unhappy,Voluntarily Terminated,Production,Production Technician I,Kissy Sullivan,Diversity Job Fair,90-day meets,22
"Barone, Francesco A",1101023679,MA,1810,7/20/1983,Male,Single,US Citizen,No,Two or more races,2/20/2012,,N/A - still employed,Active,Production,Production Technician I,Kelley Spirea,Social Networks - Facebook Twitter etc,Fully Meets,16.76
"Barton, Nader",1212051962,MA,2747,7/15/1977,Male,Divorced,US Citizen,No,White,9/24/2012,4/6/2013,Another position,Voluntarily Terminated,Production,Production Technician I,Michael Albert,On-line Web application,Fully Meets,18
"Beatrice, Courtney",1403066194,MA,1915,10/27/1970,Female,Single,Eligible NonCitizen,No,White,4/4/2011,,N/A - still employed,Active,Production,Production Technician I,Elijiah Gray,Search Engine - Google Bing Yahoo,Fully Meets,22
"Becker, Scott",1110029777,MA,2452,4/6/1979,Male,Single,US Citizen,No,Asian,7/8/2013,,N/A - still employed,Leave of Absence,Production,Production Technician I,Webster Butler,MBTA ads,Fully Meets,17
"Bernstein, Sean",1109029366,MA,2072,12/22/1970,Male,Single,US Citizen,Yes,White,4/2/2012,,N/A - still employed,Active,Production,Production Technician I,Amy Dunn,Word of Mouth,Fully Meets,16
"Biden, Lowan M",1412071844,MA,2027,12/27/1958,Female,Divorced,US Citizen,No,Asian,8/19/2013,,N/A - still employed,Active,Production,Production Technician I,Ketsia Liebig,Billboard,Fully Meets,22
"Billis, Helen",1308060366,MA,2031,9/1/1989,Female,Married,US Citizen,No,White,7/7/2014,,N/A - still employed,Active,Production,Production Technician I,Brannon Miller,Professional Society,Exceeds,16
"Brill, Donna",1406068293,MA,1701,8/24/1990,Female,Married,US Citizen,No,White,4/2/2012,6/15/2013,Another position,Voluntarily Terminated,Production,Production Technician I,David Stanley,Search Engine - Google Bing Yahoo,Fully Meets,20
"Bugali, Josephine",1408069635,MA,2043,10/30/1969,Female,Separated,US Citizen,No,Black or African American,11/11/2013,,N/A - still employed,Leave of Absence,Production,Production Technician I,Kissy Sullivan,Diversity Job Fair,Fully Meets,20
"Carey, Michael",1311063114,MA,1701,2/2/1983,Male,Single,US Citizen,No,Black or African American,3/31/2014,,N/A - still employed,Active,Production,Production Technician I,Kelley Spirea,MBTA ads,Fully Meets,20
"Chace, Beatrice",1208048062,MA,2763,1/2/1951,Female,Single,US Citizen,No,White,9/29/2014,,N/A - still employed,Active,Production,Production Technician I,Michael Albert,Search Engine - Google Bing Yahoo,Fully Meets,16
"Chan, Lin",1305057282,MA,2170,2/12/1979,Female,Single,US Citizen,No,White,5/12/2014,,N/A - still employed,Active,Production,Production Technician I,Elijiah Gray,Internet Search,Fully Meets,19.5
"Chang, Donovan E",1111030129,MA,1845,8/24/1983,Male,Single,US Citizen,No,White,7/8/2013,,N/A - still employed,Active,Production,Production Technician I,Webster Butler,Newspager/Magazine,Fully Meets,22
"Chivukula, Enola",1101023394,MA,1775,8/27/1983,Female,Single,US Citizen,No,White,6/27/2011,11/15/2015,relocation out of area,Voluntarily Terminated,Production,Production Technician I,Amy Dunn,Other,90-day meets,21
"Cierpiszewski, Caroline",1012023295,MA,2044,5/31/1988,Female,Single,Non-Citizen,No,Black or African American,10/3/2011,,N/A - still employed,Active,Production,Production Technician I,Ketsia Liebig,Pay Per Click - Google,Fully Meets,22
"Clukey, Elijian",1407069280,MA,2134,8/26/1980,Male,Married,US Citizen,No,White,7/6/2016,,N/A - Has not started yet,Future Start,Production,Production Technician I,Brannon Miller,Employee Referral,Exceeds,24.75
"Cockel, James",1599991009,MA,2452,9/8/1977,Male,Single,US Citizen,No,White,7/8/2013,,N/A - still employed,Active,Production,Production Technician I,David Stanley,Employee Referral,Fully Meets,15
"Cole, Spencer",1001450968,MA,1880,8/12/1979,Male,Single,US Citizen,No,Black or African American,7/11/2011,9/23/2012,performance,Terminated for Cause,Production,Production Technician I,Kissy Sullivan,MBTA ads,Needs Improvement,15
"Cornett, Lisa",1403066069,MA,2189,3/31/1977,Female,Married,US Citizen,Yes,White,1/5/2015,,N/A - still employed,Active,Production,Production Technician I,Kelley Spirea,Billboard,90-day meets,15.75
"Crimmings, Jean",1311063172,MA,1821,4/10/1987,Female,Single,US Citizen,No,White,7/6/2016,,N/A - Has not started yet,Future Start,Production,Production Technician I,Michael Albert,Newspager/Magazine,N/A- too early to review,19.75
"Darson, Jene'ya",1001109612,MA,2110,11/5/1978,Female,Married,US Citizen,No,White,7/2/2012,,N/A - still employed,Active,Production,Production Technician I,Elijiah Gray,Billboard,Fully Meets,15
"DeGweck, James",1306058816,MA,1810,10/31/1977,Male,Married,US Citizen,No,White,5/16/2011,6/8/2015,unhappy,Voluntarily Terminated,Production,Production Technician I,Webster Butler,Billboard,Fully Meets,23.5
"Desimone, Carl",1501072124,MA,2061,4/19/1967,Male,Married,US Citizen,No,White,7/7/2014,,N/A - still employed,Active,Production,Production Technician I,Amy Dunn,Professional Society,PIP,20
"Dickinson, Geoff",706006285,MA,2180,11/15/1982,Male,Single,US Citizen,No,White,5/12/2014,,N/A - still employed,Active,Production,Production Technician I,Ketsia Liebig,Pay Per Click - Google,Fully Meets,21
"DiNocco, Lily",1209048696,MA,2351,12/2/1978,Female,Married,US Citizen,No,Black or African American,1/7/2013,,N/A - still employed,Active,Production,Production Technician I,Brannon Miller,Pay Per Click - Google,Needs Improvement,22
"Dobrin, Denisa S",1202031618,MA,2125,10/7/1986,Female,Single,US Citizen,Yes,White,4/2/2012,,N/A - still employed,Active,Production,Production Technician I,David Stanley,Monster.com,Fully Meets,16.75
"Eaton, Marianne",1406067865,MA,2343,9/5/1991,Female,Married,US Citizen,No,White,4/4/2011,6/6/2013,military,Voluntarily Terminated,Production,Production Technician I,Kissy Sullivan,Search Engine - Google Bing Yahoo,Fully Meets,17
"Engdahl, Jean",1007020403,MA,2026,5/31/1974,Male,Single,US Citizen,No,White,11/10/2014,,N/A - still employed,Active,Production,Production Technician I,Kelley Spirea,MBTA ads,Fully Meets,21.25
"England, Rex",1101023612,MA,2045,8/25/1978,Male,Married,US Citizen,No,White,3/31/2014,,N/A - still employed,Active,Production,Production Technician I,Kelley Spirea,Employee Referral,90-day meets,21
"Estremera, Miguel",1104025243,MA,2129,9/2/1983,Male,Single,US Citizen,No,White,4/2/2012,9/27/2014,attendance,Terminated for Cause,Production,Production Technician I,Michael Albert,Word of Mouth,Needs Improvement,17
"Evensen, April",1107027392,MA,2458,5/6/1989,Female,Single,US Citizen,No,White,2/17/2014,2/25/2014,"no-call, no-show",Terminated for Cause,Production,Production Technician I,Elijiah Gray,Word of Mouth,N/A- too early to review,18
"Ferguson, Susan",1502072511,MA,2176,4/14/1955,Female,Married,US Citizen,No,White,11/7/2011,5/17/2014,military,Voluntarily Terminated,Production,Production Technician I,Webster Butler,Search Engine - Google Bing Yahoo,Fully Meets,20
"Fernandes, Nilson",1302053339,MA,2132,10/18/1989,Male,Married,US Citizen,No,White,5/11/2015,,N/A - still employed,Active,Production,Production Technician I,Amy Dunn,Professional Society,N/A- too early to review,18
"Ferreira, Violeta",803009012,MA,2176,6/10/1986,Female,Single,US Citizen,No,White,2/20/2012,,N/A - still employed,Active,Production,Production Technician I,Ketsia Liebig,Newspager/Magazine,Fully Meets,23
"Fidelia, Libby",1006020020,MA,2155,3/16/1981,Female,Married,US Citizen,No,White,1/9/2012,,N/A - still employed,Active,Production,Production Technician I,Brannon Miller,Social Networks - Facebook Twitter etc,Fully Meets,24
"Garcia, Raul",1309061015,MA,1905,9/15/1985,Male,Single,US Citizen,Yes,White,3/30/2015,,N/A - still employed,Active,Production,Production Technician I,David Stanley,Employee Referral,N/A- too early to review,19
"Garneau, Hamish",1104025414,MA,1550,4/18/1980,Male,Single,US Citizen,No,Asian,7/8/2013,,N/A - still employed,Active,Production,Production Technician I,Kissy Sullivan,Professional Society,Fully Meets,18
"Gaul, Barbara",1105026041,MA,2121,12/2/1983,Female,Single,US Citizen,Yes,Black or African American,5/16/2011,,N/A - still employed,Active,Production,Production Technician I,Kelley Spirea,MBTA ads,Fully Meets,24
"Gentry, Mildred",1501072192,MA,2145,10/1/1990,Female,Married,US Citizen,No,Black or African American,3/30/2015,,N/A - still employed,Active,Production,Production Technician I,Michael Albert,Professional Society,N/A- too early to review,19
"Gerke, Melisa",1308060622,MA,2330,5/15/1970,Female,Divorced,US Citizen,No,White,11/7/2011,11/15/2011,hours,Voluntarily Terminated,Production,Production Technician I,Elijiah Gray,Diversity Job Fair,N/A- too early to review,22
"Gilles, Alex",1008020960,MA,2062,8/9/1974,Male,Married,US Citizen,No,Black or African American,4/2/2012,6/25/2015,military,Voluntarily Terminated,Production,Production Technician I,Webster Butler,Diversity Job Fair,Needs Improvement,15
"Girifalco, Evelyn",1204032927,MA,2451,5/8/1980,Female,Single,US Citizen,Yes,Two or more races,9/29/2014,,N/A - still employed,Active,Production,Production Technician I,Amy Dunn,Professional Society,Exceeds,16
"Gold, Shenice",1408069539,MA,2451,6/18/1992,Female,Single,US Citizen,Yes,White,11/11/2013,,N/A - still employed,Active,Production,Production Technician I,Ketsia Liebig,Glassdoor,Fully Meets,17
"Gonzalez, Cayo",1411071212,MA,2108,9/29/1969,Male,Divorced,US Citizen,No,American Indian or Alaska Native,7/11/2011,,N/A - still employed,Active,Production,Production Technician I,Brannon Miller,Diversity Job Fair,Exceeds,16
"Gordon, David",1106026579,MA,2169,5/21/1979,Male,Married,US Citizen,No,White,7/2/2012,,N/A - still employed,Active,Production,Production Technician I,David Stanley,MBTA ads,Fully Meets,15
"Goyal, Roxana",1312063675,MA,1864,10/9/1974,Female,Married,US Citizen,No,Asian,8/19/2013,,N/A - still employed,Leave of Absence,Production,Production Technician I,Kissy Sullivan,On-campus Recruiting,Fully Meets,24
"Gross, Paula",1103024859,MA,2176,5/21/1983,Female,Divorced,US Citizen,No,White,2/21/2011,1/11/2014,more money,Voluntarily Terminated,Production,Production Technician I,Kelley Spirea,Monster.com,Fully Meets,14
"Handschiegl, Joanne",1405067064,MA,2127,3/23/1977,Female,Married,US Citizen,No,White,11/28/2011,,N/A - still employed,Active,Production,Production Technician I,Michael Albert,Word of Mouth,Fully Meets,24
"Harrell, Ludwick",1406068241,MA,1776,9/2/1982,Male,Married,US Citizen,No,Asian,5/14/2012,,N/A - still employed,Active,Production,Production Technician I,Elijiah Gray,Search Engine - Google Bing Yahoo,Fully Meets,21
"Harrington, Christie",1110029602,MA,2324,8/18/1952,Female,Single,US Citizen,No,White,1/9/2012,12/15/2015,retiring,Voluntarily Terminated,Production,Production Technician I,Webster Butler,Monster.com,Fully Meets,19.75
"Harrison, Kara",1404066622,MA,1886,5/2/1974,Female,Married,US Citizen,No,White,5/12/2014,,N/A - still employed,Active,Production,Production Technician I,Amy Dunn,Monster.com,Exceeds,20
"Heitzman, Anthony",1002017900,MA,2149,1/4/1984,Male,Single,US Citizen,No,White,8/13/2012,,N/A - still employed,Active,Production,Production Technician I,Ketsia Liebig,Social Networks - Facebook Twitter etc,90-day meets,19
"Ivey, Rose",1408069882,MA,1775,1/28/1991,Female,Single,US Citizen,No,White,8/19/2013,,N/A - still employed,Active,Production,Production Technician I,Brannon Miller,Professional Society,Fully Meets,16
"Jackson, Maryellen",1201031438,MA,2081,9/11/1972,Female,Single,US Citizen,No,White,11/5/2012,,N/A - still employed,Active,Production,Production Technician I,David Stanley,Newspager/Magazine,Fully Meets,20
"Jacobi, Hannah",1503072857,MA,1778,3/22/1966,Female,Divorced,US Citizen,No,White,9/30/2013,,N/A - still employed,Active,Production,Production Technician I,Kissy Sullivan,Employee Referral,Fully Meets,21
"Jhaveri, Sneha",1412071713,MA,2109,4/13/1964,Female,Separated,US Citizen,No,White,1/6/2014,,N/A - still employed,Active,Production,Production Technician I,Kelley Spirea,On-campus Recruiting,Fully Meets,19
"Johnson, George",1105025721,MA,2445,8/19/1959,Male,Married,US Citizen,No,White,11/7/2011,4/29/2016,more money,Voluntarily Terminated,Production,Production Technician I,Michael Albert,Monster.com,Exceeds,17
"Jung, Judy",1107027450,MA,2446,4/17/1986,Female,Married,US Citizen,No,White,1/10/2011,4/1/2016,unhappy,Voluntarily Terminated,Production,Production Technician I,Elijiah Gray,Monster.com,90-day meets,21
"Keatts, Kramer",1301052462,MA,1887,1/19/1976,Male,Single,US Citizen,No,White,9/30/2013,,N/A - still employed,Active,Production,Production Technician I,Michael Albert,Billboard,Fully Meets,19
"Kinsella, Kathleen",710007401,MA,2170,12/8/1973,Female,Married,US Citizen,No,White,9/26/2011,6/4/2015,more money,Voluntarily Terminated,Production,Production Technician I,Webster Butler,Search Engine - Google Bing Yahoo,90-day meets,22
"Kirill, Alexandra",903013071,MA,2127,10/8/1970,Female,Married,US Citizen,No,White,9/26/2011,1/9/2012,more money,Voluntarily Terminated,Production,Production Technician I,Amy Dunn,Search Engine - Google Bing Yahoo,Fully Meets,24
"Knapp, Bradley J",1304055683,MA,1721,11/10/1977,Male,Single,US Citizen,No,Black or African American,2/17/2014,,N/A - still employed,Active,Production,Production Technician I,Ketsia Liebig,On-campus Recruiting,Fully Meets,14
"Kretschmer, John",1311062610,MA,1801,2/2/1980,Male,Married,US Citizen,No,Asian,1/10/2011,,N/A - still employed,Active,Production,Production Technician I,Brannon Miller,Pay Per Click - Google,Fully Meets,21
"Langton, Enrico",1304055987,MA,2048,12/9/1986,Male,Married,US Citizen,No,White,7/9/2012,,N/A - still employed,Active,Production,Production Technician I,David Stanley,Newspager/Magazine,Fully Meets,17
"Leach, Dallas",1408069409,MA,1810,1/17/1979,Female,Single,US Citizen,No,Asian,9/26/2011,8/19/2013,return to school,Voluntarily Terminated,Production,Production Technician I,Kissy Sullivan,Monster.com,Fully Meets,19
"LeBel, Jonathan R",1107027575,MA,2050,10/18/1981,Male,Single,US Citizen,No,White,2/21/2011,8/4/2011,attendance,Terminated for Cause,Production,Production Technician I,Kelley Spirea,Social Networks - Facebook Twitter etc,90-day meets,15
"Linares, Marilyn",1206042315,MA,1886,3/26/1981,Female,Married,US Citizen,No,White,7/5/2011,9/26/2011,unhappy,Voluntarily Terminated,Production,Production Technician I,Michael Albert,Internet Search,N/A- too early to review,15.25
"Lydon, Allison",1101023353,MA,2122,10/22/1975,Female,Married,US Citizen,No,Black or African American,2/16/2015,,N/A - still employed,Leave of Absence,Production,Production Technician I,Elijiah Gray,Website Banner Ads,90-day meets,20
"Lynch, Lindsay",1001138521,MA,1844,2/14/1973,Female,Single,US Citizen,Yes,Two or more races,11/7/2011,11/14/2015,Another position,Voluntarily Terminated,Production,Production Technician I,Webster Butler,Diversity Job Fair,Exceeds,19
"MacLennan, Samuel",1201031032,MA,1938,11/9/1972,Male,Widowed,US Citizen,No,White,9/24/2012,9/26/2012,hours,Voluntarily Terminated,Production,Production Technician I,Amy Dunn,Pay Per Click,N/A- too early to review,15
"Mahoney, Lauren",1209049259,MA,2189,7/7/1986,Female,Single,US Citizen,No,White,1/6/2014,,N/A - still employed,Active,Production,Production Technician I,Ketsia Liebig,Newspager/Magazine,Fully Meets,17
"Mangal, Debbie",1308060754,MA,2451,11/7/1974,Female,Married,US Citizen,No,White,11/11/2013,,N/A - still employed,Active,Production,Production Technician I,Brannon Miller,On-campus Recruiting,Fully Meets,23
"Maurice, Shana",1401064327,MA,2330,11/22/1977,Female,Married,US Citizen,No,White,5/31/2011,,N/A - still employed,Active,Production,Production Technician I,David Stanley,Other,90-day meets,20
"Mckenna, Sandy",909015167,MA,2184,1/7/1987,Female,Married,US Citizen,No,Black or African American,1/7/2013,,N/A - still employed,Active,Production,Production Technician I,Kissy Sullivan,Monster.com,Fully Meets,24
"Meads, Elizabeth",1409070245,MA,1760,5/30/1968,Female,Single,US Citizen,No,Black or African American,4/2/2012,11/11/2015,Another position,Voluntarily Terminated,Production,Production Technician I,Kelley Spirea,Diversity Job Fair,Fully Meets,14
"Medeiros, Jennifer",1109029256,MA,2346,9/22/1976,Female,Single,US Citizen,No,White,3/30/2015,,N/A - still employed,Active,Production,Production Technician I,Michael Albert,Monster.com,N/A- too early to review,20
"Motlagh, Dawn",1102024121,MA,2453,7/7/1984,Female,Divorced,US Citizen,No,White,4/1/2013,,N/A - still employed,Active,Production,Production Technician I,Elijiah Gray,MBTA ads,Fully Meets,15
"Ndzi, Colombui",1204033041,MA,2110,5/2/1989,Male,Single,US Citizen,No,Black or African American,9/26/2011,4/4/2014,return to school,Voluntarily Terminated,Production,Production Technician I,Webster Butler,Diversity Job Fair,Fully Meets,18
"Ndzi, Horia",1204033041,MA,2421,3/28/1983,Male,Married,US Citizen,No,White,4/1/2013,5/25/2016,more money,Voluntarily Terminated,Production,Production Technician I,Amy Dunn,Employee Referral,Fully Meets,22
"Newman, Richard",1302053044,MA,2136,4/8/1977,Male,Married,US Citizen,No,White,5/12/2014,,N/A - still employed,Leave of Absence,Production,Production Technician I,Ketsia Liebig,On-campus Recruiting,Fully Meets,21
"Ngodup, Shari",1403066020,MA,1810,6/3/1967,Female,Separated,US Citizen,No,Asian,4/1/2013,,N/A - still employed,Active,Production,Production Technician I,Brannon Miller,Diversity Job Fair,Exceeds,15
"Nguyen, Lei-Ming",1203032357,MA,2132,7/7/1984,Female,Single,US Citizen,No,White,7/8/2013,,N/A - still employed,Active,Production,Production Technician I,David Stanley,Vendor Referral,Fully Meets,19
"O'hare, Lynn",1206044851,MA,2152,9/30/1980,Female,Single,US Citizen,No,Two or more races,3/31/2014,5/1/2016,performance,Terminated for Cause,Production,Production Technician I,Kissy Sullivan,Professional Society,PIP,18.5
"Osturnka, Adeel",1404066949,MA,2478,12/11/1976,Male,Married,US Citizen,No,White,9/30/2013,,N/A - still employed,Active,Production,Production Technician I,Kelley Spirea,On-campus Recruiting,Exceeds,16
"Owad, Clinton",1103024335,MA,1760,11/24/1979,Male,Single,US Citizen,No,Black or African American,2/17/2014,,N/A - still employed,Active,Production,Production Technician I,Michael Albert,MBTA ads,Needs Improvement,22
"Panjwani, Nina",1109029531,MA,2351,5/1/1979,Female,Married,US Citizen,No,White,2/7/2011,1/12/2014,Another position,Voluntarily Terminated,Production,Production Technician I,Elijiah Gray,Social Networks - Facebook Twitter etc,Fully Meets,18
"Pelech, Emil",1307060058,MA,2458,3/17/1988,Male,Single,US Citizen,No,Black or African American,1/10/2011,12/28/2012,career change,Voluntarily Terminated,Production,Production Technician I,Webster Butler,Search Engine - Google Bing Yahoo,Needs Improvement,24
"Perry, Shakira",1109029186,MA,2176,7/20/1986,Female,Single,US Citizen,No,White,5/16/2011,10/25/2015,medical issues,Voluntarily Terminated,Production,Production Technician I,Amy Dunn,MBTA ads,Fully Meets,22
"Peterson, Kayla",1307059944,MA,1749,9/23/1973,Female,Married,US Citizen,No,White,4/26/2010,,N/A - still employed,Active,Production,Production Technician I,Ketsia Liebig,Search Engine - Google Bing Yahoo,Fully Meets,17
"Pham, Hong",1305057440,MA,2451,3/6/1988,Male,Married,US Citizen,No,White,7/5/2011,11/30/2012,more money,Voluntarily Terminated,Production,Production Technician I,Brannon Miller,Search Engine - Google Bing Yahoo,Fully Meets,18
"Pitt, Brad",1001735072,MA,2451,11/23/1981,Male,Single,US Citizen,No,Black or African American,11/5/2007,,N/A - still employed,Active,Production,Production Technician I,David Stanley,Search Engine - Google Bing Yahoo,Fully Meets,17
"Power, Morissa",1102024274,MA,1742,10/15/1984,Female,Divorced,Eligible NonCitizen,No,Asian,5/16/2011,6/4/2011,Another position,Voluntarily Terminated,Production,Production Technician I,Kissy Sullivan,Social Networks - Facebook Twitter etc,N/A- too early to review,19
"Punjabhi, Louis",1401064562,MA,2109,6/19/1961,Male,Single,US Citizen,No,White,1/6/2014,,N/A - still employed,Active,Production,Production Technician I,Kelley Spirea,Employee Referral,Fully Meets,16
"Purinton, Janine",1011022926,MA,2474,9/22/1970,Female,Divorced,US Citizen,No,White,9/24/2012,6/18/2013,unhappy,Voluntarily Terminated,Production,Production Technician I,Kissy Sullivan,Billboard,Fully Meets,16
"Rarrick, Quinn",1208048229,MA,2478,12/31/1984,Male,Divorced,US Citizen,No,White,9/26/2011,4/7/2012,more money,Voluntarily Terminated,Production,Production Technician I,Michael Albert,Pay Per Click - Google,Fully Meets,21
"Rhoads, Thomas",1211050793,MA,2176,7/22/1982,Male,Divorced,US Citizen,Yes,White,5/16/2011,1/15/2016,retiring,Voluntarily Terminated,Production,Production Technician I,Elijiah Gray,Professional Society,Fully Meets,20
"Rivera, Haley",1405067642,MA,2171,1/12/1973,Female,Married,US Citizen,No,Asian,11/28/2011,,N/A - still employed,Active,Production,Production Technician I,Webster Butler,Search Engine - Google Bing Yahoo,Exceeds,22
"Robinson, Alain",1206038000,MA,1420,1/7/1974,Male,Married,US Citizen,No,Black or African American,1/10/2011,1/26/2016,attendance,Voluntarily Terminated,Production,Production Technician I,Amy Dunn,Glassdoor,Fully Meets,24
"Robinson, Cherly",1403065625,MA,1460,1/7/1985,Female,Married,US Citizen,No,White,1/10/2011,5/17/2016,attendance,Terminated for Cause,Production,Production Technician I,Ketsia Liebig,Glassdoor,Needs Improvement,16
"Robinson, Elias",1011022887,MA,1730,1/28/1985,Male,Widowed,US Citizen,No,White,7/8/2013,,N/A - still employed,Active,Production,Production Technician I,Brannon Miller,Employee Referral,Exceptional,17
"Rose, Ashley",710007555,MA,1886,12/5/1974,Female,Separated,US Citizen,No,White,1/6/2014,,N/A - still employed,Active,Production,Production Technician I,David Stanley,Website Banner Ads,Fully Meets,17
"Rossetti, Bruno",1405067492,MA,2155,3/18/1987,Male,Single,US Citizen,No,White,4/4/2011,8/13/2012,Another position,Voluntarily Terminated,Production,Production Technician I,Kissy Sullivan,Search Engine - Google Bing Yahoo,Fully Meets,18
"Saar-Beckles, Melinda",1410070998,MA,1801,6/6/1968,Female,Single,US Citizen,No,Black or African American,7/4/2016,,N/A - Has not started yet,Future Start,Production,Production Technician I,Kelley Spirea,Diversity Job Fair,N/A- too early to review,20
"Sadki, Nore",1308060535,MA,2148,12/21/1974,Male,Single,US Citizen,No,White,1/5/2009,7/30/2010,relocation out of area,Voluntarily Terminated,Production,Production Technician I,Michael Albert,Word of Mouth,Fully Meets,21
"Sander, Kamrin",1302053362,MA,2154,7/10/1988,Female,Married,US Citizen,No,Black or African American,9/29/2014,,N/A - still employed,Active,Production,Production Technician I,Elijiah Gray,On-campus Recruiting,Fully Meets,21
"Sewkumar, Nori",807010161,MA,2191,3/10/1975,Female,Single,US Citizen,No,Asian,9/30/2013,,N/A - still employed,Leave of Absence,Production,Production Technician I,Webster Butler,Search Engine - Google Bing Yahoo,Fully Meets,15.2
"Shields, Seffi",1205033102,MA,2149,8/24/1985,Female,Married,US Citizen,No,White,8/19/2013,,N/A - still employed,Active,Production,Production Technician I,Amy Dunn,Newspager/Magazine,Fully Meets,15
"Smith, Sade",1501071909,MA,2130,2/2/1965,Female,Single,US Citizen,No,White,11/11/2013,,N/A - still employed,Active,Production,Production Technician I,Ketsia Liebig,Employee Referral,Fully Meets,24.5
"Sparks, Taylor",1410071137,MA,2093,7/20/1968,Female,Married,US Citizen,No,White,2/20/2012,,N/A - still employed,Active,Production,Production Technician I,Brannon Miller,Billboard,PIP,16
"Squatrito, Kristen",1405067138,MA,2359,3/26/1973,Female,Divorced,US Citizen,No,White,5/13/2013,6/29/2015,unhappy,Voluntarily Terminated,Production,Production Technician I,David Stanley,MBTA ads,Exceeds,21
"Stanford,Barbara M",1111030244,MA,2050,8/25/1982,Female,Divorced,US Citizen,No,Two or more races,1/10/2011,,N/A - still employed,Active,Production,Production Technician I,Kissy Sullivan,Word of Mouth,Fully Meets,14
"Stoica, Rick",1106026896,MA,2301,3/14/1985,Male,Married,US Citizen,No,Asian,2/17/2014,,N/A - still employed,Active,Production,Production Technician I,Kelley Spirea,On-campus Recruiting,Fully Meets,22
"Sullivan, Timothy",1201031310,MA,2747,10/7/1982,Male,Married,US Citizen,Yes,White,1/5/2015,,N/A - still employed,Active,Production,Production Technician I,Michael Albert,Word of Mouth,90-day meets,19
"Sutwell, Barbara",1407069061,MA,2718,8/15/1968,Female,Single,Eligible NonCitizen,No,Asian,5/14/2012,,N/A - still employed,Active,Production,Production Technician I,Elijiah Gray,Glassdoor,Fully Meets,14
"Tavares, Desiree",1405067501,MA,1801,4/3/1975,Female,Married,Non-Citizen,No,Two or more races,4/27/2009,4/1/2013,Another position,Voluntarily Terminated,Production,Production Technician I,Webster Butler,Diversity Job Fair,Fully Meets,15
"Theamstern, Sophia",1404066739,MA,2066,5/9/1965,Female,Single,US Citizen,No,White,7/5/2011,9/5/2011,return to school,Voluntarily Terminated,Production,Production Technician I,Amy Dunn,Billboard,N/A- too early to review,20
"Tinto, Theresa",1103024504,MA,1876,7/30/1983,Female,Divorced,US Citizen,No,White,1/10/2011,5/14/2011,Another position,Voluntarily Terminated,Production,Production Technician I,Ketsia Liebig,Social Networks - Facebook Twitter etc,90-day meets,20
"Tippett, Jeanette",1409070255,MA,2093,6/5/1967,Female,Divorced,US Citizen,No,Black or African American,2/18/2013,,N/A - still employed,Active,Production,Production Technician I,Brannon Miller,Billboard,Fully Meets,24
"Trang, Mei",1012023152,MA,2021,5/16/1983,Female,Single,US Citizen,No,White,2/17/2014,,N/A - still employed,Active,Production,Production Technician I,David Stanley,Professional Society,N/A- too early to review,22
"Veera, Abdellah",1203032235,MA,2171,1/31/1987,Male,Divorced,US Citizen,No,White,8/13/2012,2/5/2016,maternity leave - did not return,Voluntarily Terminated,Production,Production Technician I,Kissy Sullivan,Information Session,Exceeds,19
"Volk, Colleen",1011022814,MA,2747,6/3/1986,Female,Married,US Citizen,No,White,9/26/2011,2/8/2016,gross misconduct,Terminated for Cause,Production,Production Technician I,Kelley Spirea,Social Networks - Facebook Twitter etc,Exceeds,21
"Von Massenbach, Anna",1106026474,MA,2124,4/6/1985,Female,Single,US Citizen,No,White,7/5/2015,,N/A - Has not started yet,Future Start,Production,Production Technician I,Michael Albert,Newspager/Magazine,N/A- too early to review,20
"Wallace, Theresa",1101023619,MA,1887,8/2/1980,Female,Single,US Citizen,No,White,8/13/2012,9/1/2015,career change,Voluntarily Terminated,Production,Production Technician I,Elijiah Gray,Monster.com,Needs Improvement,15
"Whittier, Scott",1307060212,MA,2030,5/24/1987,Male,Single,US Citizen,Yes,White,1/10/2011,5/15/2011,hours,Voluntarily Terminated,Production,Production Technician I,Webster Butler,Newspager/Magazine,90-day meets,23
"Wilber, Barry",1101023839,MA,2324,9/9/1965,Male,Married,Eligible NonCitizen,No,White,5/16/2011,9/7/2015,unhappy,Voluntarily Terminated,Production,Production Technician I,Amy Dunn,Website Banner Ads,Fully Meets,21
"Williams, Jacquelyn",1308060671,MA,2109,10/2/1969,Female,Single,US Citizen,Yes,Two or more races,1/9/2012,6/27/2015,relocation out of area,Voluntarily Terminated,Production,Production Technician I,Ketsia Liebig,Diversity Job Fair,Fully Meets,16
"Ybarra, Catherine",1001268402,MA,2458,5/4/1982,Female,Single,US Citizen,No,Asian,9/2/2008,9/29/2015,Another position,Voluntarily Terminated,Production,Production Technician I,Brannon Miller,Search Engine - Google Bing Yahoo,PIP,22
"Zima, Colleen",1211051232,MA,1730,8/17/1978,Female,Widowed,US Citizen,No,Asian,9/29/2014,,N/A - still employed,Active,Production,Production Technician I,David Stanley,On-campus Recruiting,Fully Meets,15
"Akinkuolie, Sarah",1005019209,MA,1810,9/19/1988,Female,Married,US Citizen,No,White,7/5/2011,9/24/2012,hours,Voluntarily Terminated,Production,Production Technician II,Kissy Sullivan,Newspager/Magazine,90-day meets,29
"Beak, Kimberly",1303054329,MA,2145,4/17/1966,Female,Married,US Citizen,No,White,7/21/2016,,N/A - Has not started yet,Future Start,Production,Production Technician II,Kelley Spirea,Employee Referral,Exceeds,27
"Blount, Dianna",1403066125,MA,2171,9/21/1990,Female,Single,US Citizen,No,White,4/4/2011,,N/A - still employed,Active,Production,Production Technician II,Michael Albert,Monster.com,Needs Improvement,27
"Bondwell, Betsy",1008021030,MA,2210,1/16/1967,Female,Single,US Citizen,No,White,1/10/2011,4/4/2014,career change,Voluntarily Terminated,Production,Production Technician II,Elijiah Gray,Search Engine - Google Bing Yahoo,90-day meets,26
"Buccheri, Joseph",1101023457,MA,1013,7/28/1983,Male,Single,US Citizen,No,White,9/29/2014,,N/A - still employed,Active,Production,Production Technician II,Webster Butler,Word of Mouth,Fully Meets,22
"Burke, Joelle",1011022820,MA,2148,3/2/1980,Female,Single,US Citizen,No,Black or African American,3/5/2012,,N/A - still employed,Active,Production,Production Technician II,Amy Dunn,Employee Referral,Fully Meets,25
"Burkett, Benjamin",1301052449,MA,1890,8/19/1977,Male,Married,US Citizen,No,White,4/4/2011,,N/A - still employed,Active,Production,Production Technician II,Ketsia Liebig,Careerbuilder,Fully Meets,26
"Cloninger, Jennifer",1012023226,MA,1752,8/31/1981,Female,Married,US Citizen,No,White,5/16/2011,1/7/2013,unhappy,Voluntarily Terminated,Production,Production Technician II,Brannon Miller,Word of Mouth,90-day meets,25
"Close, Phil",1209048697,MA,2169,11/25/1978,Male,Married,US Citizen,No,White,8/30/2010,9/26/2011,career change,Voluntarily Terminated,Production,Production Technician II,David Stanley,Other,Fully Meets,26
"Davis, Daniel",1201031274,MA,2458,9/14/1979,Male,Single,Eligible NonCitizen,No,Two or more races,11/7/2011,,N/A - still employed,Active,Production,Production Technician II,Kissy Sullivan,Newspager/Magazine,90-day meets,25
"Demita, Carla",1104025179,MA,2343,2/25/1951,Female,Separated,US Citizen,No,Black or African American,4/4/2011,11/4/2015,more money,Voluntarily Terminated,Production,Production Technician II,Kelley Spirea,Search Engine - Google Bing Yahoo,Fully Meets,29
"Erilus, Angela",1105025661,MA,2133,8/25/1989,Female,Separated,US Citizen,No,White,7/7/2014,,N/A - still employed,Active,Production,Production Technician II,Michael Albert,Pay Per Click - Google,PIP,24
"Faller, Megan",1108028428,MA,1824,9/22/1978,Female,Married,US Citizen,No,Black or African American,7/7/2014,,N/A - still employed,Active,Production,Production Technician II,Elijiah Gray,Professional Society,Fully Meets,27
"Fancett, Nicole",1402065085,MA,2324,9/27/1987,Female,Single,US Citizen,No,Black or African American,2/17/2014,,N/A - still employed,Active,Production,Production Technician II,Webster Butler,Newspager/Magazine,Fully Meets,24
"Fitzpatrick, Michael J",1109029103,MA,2143,10/1/1981,Male,Single,US Citizen,Yes,White,5/16/2011,6/24/2013,hours,Voluntarily Terminated,Production,Production Technician II,Amy Dunn,Social Networks - Facebook Twitter etc,Fully Meets,29
"Foreman, Tanya",1012023204,MA,2170,11/8/1983,Female,Married,US Citizen,No,White,4/4/2011,1/9/2012,career change,Voluntarily Terminated,Production,Production Technician II,Ketsia Liebig,Word of Mouth,Fully Meets,24
"Gonzalez, Juan",1411071324,MA,2128,10/12/1964,Male,Married,US Citizen,No,Black or African American,4/26/2010,5/30/2011,career change,Voluntarily Terminated,Production,Production Technician II,Brannon Miller,Diversity Job Fair,PIP,29
"Good, Susan",1001549006,MA,1886,5/25/1986,Female,Married,US Citizen,No,White,5/12/2014,,N/A - still employed,Leave of Absence,Production,Production Technician II,David Stanley,Professional Society,Fully Meets,24.25
"Gosciminski, Phylicia",1108028351,MA,1824,12/8/1983,Female,Separated,US Citizen,No,American Indian or Alaska Native,9/30/2013,,N/A - still employed,Leave of Absence,Production,Production Technician II,Kissy Sullivan,Word of Mouth,Fully Meets,27
"Hankard, Earnest",1307059937,MA,2155,8/10/1988,Male,Single,US Citizen,Yes,White,11/11/2013,,N/A - still employed,Active,Production,Production Technician II,Kelley Spirea,Newspager/Magazine,Fully Meets,24
"Hendrickson, Trina",1011022932,MA,2021,8/27/1972,Female,Single,US Citizen,No,White,1/10/2011,2/18/2013,hours,Voluntarily Terminated,Production,Production Technician II,Kelley Spirea,Monster.com,Fully Meets,24
"Homberger, Adrienne J",1207046956,MA,2445,2/16/1984,Female,Married,Non-Citizen,No,White,8/15/2011,4/7/2012,relocation out of area,Voluntarily Terminated,Production,Production Technician II,Michael Albert,Glassdoor,Fully Meets,28
"Hunts, Julissa",1106026433,MA,2021,3/11/1984,Female,Single,US Citizen,No,White,6/6/2016,,N/A - Has not started yet,Future Start,Production,Production Technician II,Elijiah Gray,Vendor Referral,N/A- too early to review,25
"Hutter, Rosalie",1103024924,MA,2351,5/7/1992,Female,Separated,US Citizen,No,White,6/5/2015,,N/A - Has not started yet,Future Start,Production,Production Technician II,Webster Butler,Other,N/A- too early to review,28
"Huynh, Ming",1306058509,MA,1742,9/22/1976,Female,Divorced,US Citizen,No,White,2/21/2011,4/1/2013,unhappy,Voluntarily Terminated,Production,Production Technician II,Amy Dunn,Search Engine - Google Bing Yahoo,Fully Meets,23
"Jeannite, Tayana",1008020942,MA,1821,11/6/1986,Female,Divorced,US Citizen,No,American Indian or Alaska Native,7/5/2011,,N/A - still employed,Active,Production,Production Technician II,Ketsia Liebig,MBTA ads,Exceeds,22.5
"Johnston, Yen",1306057810,MA,2128,9/8/1969,Female,Single,US Citizen,No,White,7/7/2014,,N/A - still employed,Active,Production,Production Technician II,Brannon Miller,Professional Society,Exceptional,25
"Langford, Lindsey",1010022030,MA,2090,7/25/1979,Female,Divorced,US Citizen,No,Asian,1/7/2013,3/31/2014,Another position,Voluntarily Terminated,Production,Production Technician II,David Stanley,Glassdoor,Fully Meets,22
"Latif, Mohammed",1104025486,MA,2126,5/9/1984,Male,Married,US Citizen,No,White,4/2/2012,4/15/2013,more money,Voluntarily Terminated,Production,Production Technician II,Kissy Sullivan,Word of Mouth,Fully Meets,28
"Linden, Mathew",1405067565,MA,1770,3/19/1979,Male,Married,US Citizen,No,White,7/8/2013,,N/A - still employed,Leave of Absence,Production,Production Technician II,Kelley Spirea,Information Session,Fully Meets,22
"Lundy, Susan",1305056276,MA,2122,12/26/1976,Female,Widowed,US Citizen,No,White,7/8/2013,9/15/2013,more money,Voluntarily Terminated,Production,Production Technician II,Michael Albert,On-campus Recruiting,N/A- too early to review,24
"Lunquist, Lisa",1001504432,MA,2324,3/28/1982,Female,Single,US Citizen,No,Black or African American,8/19/2013,,N/A - still employed,Active,Production,Production Technician II,Elijiah Gray,Glassdoor,Exceeds,26.1
"Manchester, Robyn",1110029623,MA,2324,8/25/1976,Female,Married,US Citizen,No,White,5/11/2016,,N/A - Has not started yet,Future Start,Production,Production Technician II,Webster Butler,Vendor Referral,N/A- too early to review,23
"Mancuso, Karen",1304055986,MA,2176,12/10/1986,Female,Married,US Citizen,No,Two or more races,7/5/2011,8/19/2011,Another position,Voluntarily Terminated,Production,Production Technician II,Amy Dunn,Newspager/Magazine,N/A- too early to review,23
"McCarthy, Brigit",1406067957,MA,2149,5/21/1987,Female,Single,US Citizen,No,White,3/30/2015,,N/A - still employed,Active,Production,Production Technician II,Ketsia Liebig,Newspager/Magazine,N/A- too early to review,26
"Miller, Ned",1205033439,MA,2472,6/29/1985,Male,Single,US Citizen,No,White,8/15/2011,9/4/2014,unhappy,Voluntarily Terminated,Production,Production Technician II,Brannon Miller,MBTA ads,PIP,25
"Monkfish, Erasumus",1404066711,MA,1450,8/17/1992,Male,Married,US Citizen,No,White,11/7/2011,,N/A - still employed,Active,Production,Production Technician II,David Stanley,Professional Society,Fully Meets,27
"Monterro, Luisa",1001103149,MA,2126,4/24/1970,Female,Single,US Citizen,No,Black or African American,5/13/2013,,N/A - still employed,Active,Production,Production Technician II,Kissy Sullivan,Billboard,Exceptional,25
"Moran, Patrick",1408069503,MA,2127,12/3/1976,Male,Single,US Citizen,No,Hispanic,1/9/2012,,N/A - still employed,Leave of Absence,Production,Production Technician II,Kelley Spirea,Diversity Job Fair,Fully Meets,26
"Moumanil, Maliki",1301052436,MA,1460,12/1/1974,Male,Separated,US Citizen,No,Black or African American,5/13/2013,,N/A - still employed,Active,Production,Production Technician II,Michael Albert,On-campus Recruiting,Fully Meets,29
"Nowlan, Kristie",1104025435,MA,1040,11/23/1985,Female,Single,US Citizen,No,White,11/10/2014,,N/A - still employed,Active,Production,Production Technician II,Elijiah Gray,Glassdoor,Fully Meets,26.39
"Oliver, Brooke",1001856521,MA,2492,2/11/1952,Female,Married,US Citizen,No,Asian,5/14/2012,8/19/2013,unhappy,Voluntarily Terminated,Production,Production Technician II,Webster Butler,Newspager/Magazine,90-day meets,25
"Pelletier, Ermine",1202031821,MA,2472,7/18/1989,Female,Married,US Citizen,No,Asian,7/5/2011,9/15/2011,unhappy,Voluntarily Terminated,Production,Production Technician II,Amy Dunn,Monster.com,N/A- too early to review,28
"Peters, Lauren",1411071406,MA,1886,8/17/1986,Female,Married,US Citizen,No,White,5/16/2011,2/4/2012,more money,Voluntarily Terminated,Production,Production Technician II,Ketsia Liebig,Pay Per Click - Google,Exceeds,29
"Petingill, Shana",1103024843,MA,2050,3/10/1979,Female,Married,Eligible NonCitizen,No,Asian,4/2/2012,,N/A - still employed,Active,Production,Production Technician II,Brannon Miller,MBTA ads,Fully Meets,26
"Roberson, May",1402065340,MA,1902,9/5/1981,Female,Divorced,Eligible NonCitizen,No,White,9/26/2011,10/22/2011,return to school,Voluntarily Terminated,Production,Production Technician II,David Stanley,Search Engine - Google Bing Yahoo,N/A- too early to review,26
"Robertson, Peter",1499902991,MA,2138,7/3/1972,Male,Married,US Citizen,No,White,7/5/2011,2/8/2012,Another position,Voluntarily Terminated,Production,Production Technician II,Kissy Sullivan,Glassdoor,Fully Meets,22
"Sahoo, Adil",1106026462,MA,2062,4/26/1986,Male,Married,US Citizen,No,White,8/30/2010,,N/A - still employed,Active,Production,Production Technician II,Kelley Spirea,Monster.com,Fully Meets,29
"Sloan, Constance",1012023103,MA,1851,11/25/1987,Female,Single,US Citizen,No,White,10/26/2009,4/8/2015,maternity leave - did not return,Voluntarily Terminated,Production,Production Technician II,Michael Albert,Monster.com,Fully Meets,23
"Smith, Joe",1001970770,MA,2045,10/30/1963,Male,Single,US Citizen,No,White,9/29/2014,,N/A - still employed,Active,Production,Production Technician II,Elijiah Gray,Pay Per Click - Google,Exceeds,22
"Tejeda, Lenora",1406068345,MA,2129,5/24/1953,Female,Married,US Citizen,No,White,5/16/2011,7/8/2012,Another position,Voluntarily Terminated,Production,Production Technician II,Elijiah Gray,Search Engine - Google Bing Yahoo,Fully Meets,28.75
"Thibaud, Kenneth",1011022777,MA,2472,9/16/1975,Male,Widowed,US Citizen,No,White,6/25/2007,8/30/2010,military,Voluntarily Terminated,Production,Production Technician II,Webster Butler,Pay Per Click - Google,Fully Meets,23
"Trzeciak, Cybil",1107027551,MA,1778,3/15/1985,Female,Single,US Citizen,No,White,1/10/2011,7/2/2012,unhappy,Voluntarily Terminated,Production,Production Technician II,Amy Dunn,Vendor Referral,Fully Meets,22
"Walker, Roger",1011022818,MA,2459,2/10/1976,Male,Single,US Citizen,No,Black or African American,8/18/2014,,N/A - still employed,Active,Production,Production Technician II,Ketsia Liebig,Employee Referral,Fully Meets,22
"Winthrop, Jordan",1405067188,MA,2045,11/7/1958,Male,Single,US Citizen,No,White,1/7/2013,2/21/2016,retiring,Voluntarily Terminated,Production,Production Technician II,Brannon Miller,Professional Society,Exceeds,29
"Wolk, Hang T",1205033180,MA,2302,4/20/1985,Female,Single,US Citizen,No,White,9/29/2014,,N/A - still employed,Active,Production,Production Technician II,David Stanley,Newspager/Magazine,Fully Meets,22
"Woodson, Jason",1012023010,MA,1810,5/11/1985,Male,Single,US Citizen,No,White,7/7/2014,,N/A - still employed,Active,Production,Production Technician II,Kissy Sullivan,Vendor Referral,Fully Meets,24.25
"Buck, Edward",1504073313,MA,2330,7/7/1975,Male,Married,US Citizen,No,White,9/29/2014,,N/A - still employed,Active,Sales,Area Sales Manager,Lynn Daneault,Employee Referral,Fully Meets,55
"Bunbury, Jessica",1504073368,VA,21851,6/1/1964,Female,Married,Eligible NonCitizen,No,Black or African American,8/15/2011,8/2/2014,Another position,Voluntarily Terminated,Sales,Area Sales Manager,John Smith,Social Networks - Facebook Twitter etc,Fully Meets,55
"Carter, Michelle",1403065721,VT,5664,5/15/1963,Female,Single,US Citizen,No,White,8/18/2014,,N/A - still employed,Active,Sales,Area Sales Manager,John Smith,Billboard,Fully Meets,55
"Costa, Latia",1409070567,CA,90007,11/8/1988,Female,Single,US Citizen,No,White,1/10/2011,,N/A - still employed,Active,Sales,Area Sales Manager,Lynn Daneault,Other,Exceeds,55
"Dietrich, Jenna",1408069481,WA,98052,5/14/1987,Female,Single,US Citizen,Yes,White,2/20/2012,,N/A - still employed,Active,Sales,Area Sales Manager,John Smith,Website Banner Ads,PIP,55
"Digitale, Alfred",1306059197,NH,3062,9/14/1988,Male,Married,US Citizen,No,American Indian or Alaska Native,8/18/2014,,N/A - still employed,Active,Sales,Area Sales Manager,John Smith,Pay Per Click - Google,Fully Meets,56
"Fraval, Maruk",1411071302,CT,6050,8/28/1963,Male,Single,US Citizen,No,Black or African American,9/6/2011,,N/A - still employed,Active,Sales,Area Sales Manager,Lynn Daneault,Monster.com,Fully Meets,55
"Friedman, Gerry",1204032843,NY,10171,2/24/1969,Male,Single,US Citizen,Yes,Two or more races,3/7/2011,,N/A - still employed,Active,Sales,Area Sales Manager,John Smith,Diversity Job Fair,Fully Meets,55.5
"Gill, Whitney",1302053046,OH,43050,7/10/1971,Female,Widowed,US Citizen,No,Black or African American,7/7/2014,9/5/2015,attendance,Terminated for Cause,Sales,Area Sales Manager,John Smith,Monster.com,Fully Meets,55
"Givens, Myriam",1203032099,IN,46204,9/22/1989,Female,Single,US Citizen,No,White,2/16/2015,,N/A - still employed,Active,Sales,Area Sales Manager,Lynn Daneault,Pay Per Click - Google,90-day meets,55
"Gonzales, Ricardo",1411071481,ID,83706,10/12/1954,Male,Married,US Citizen,No,White,5/12/2014,,N/A - still employed,Active,Sales,Area Sales Manager,John Smith,Monster.com,Fully Meets,55.5
"Guilianno, Mike",1001167253,TN,37129,2/9/1969,Male,Single,US Citizen,No,Two or more races,3/7/2011,10/31/2014,relocation out of area,Voluntarily Terminated,Sales,Area Sales Manager,John Smith,Newspager/Magazine,Fully Meets,55
Jeremy Prater,1001084890,NV,89139,5/9/1974,Male,Married,US Citizen,No,White,5/12/2014,,N/A - still employed,Active,Sales,Area Sales Manager,Lynn Daneault,Website Banner Ads,PIP,56
"Khemmich, Bartholemew",1104025008,CO,80820,11/27/1979,Male,Single,US Citizen,No,White,8/19/2013,,N/A - still employed,Active,Sales,Area Sales Manager,Lynn Daneault,Pay Per Click - Google,Fully Meets,55
"Leruth, Giovanni",1412071660,UT,84111,12/27/1988,Male,Separated,US Citizen,No,Black or African American,4/30/2012,,N/A - still employed,Active,Sales,Area Sales Manager,John Smith,Website Banner Ads,Fully Meets,55
"Martins, Joseph",1209048771,TX,78207,6/11/1970,Male,Single,Eligible NonCitizen,No,Black or African American,5/14/2012,,N/A - still employed,Active,Sales,Area Sales Manager,Lynn Daneault,Employee Referral,Fully Meets,56
"McKinzie, Jac",1209049326,TX,78789,7/1/1984,Male,Married,US Citizen,No,Two or more races,7/6/2016,,N/A - Has not started yet,Future Start,Sales,Area Sales Manager,Lynn Daneault,Website Banner Ads,N/A- too early to review,55
"Mullaney, Howard",1306057978,AL,36006,11/2/1975,Male,Single,US Citizen,No,Two or more races,9/29/2014,,N/A - still employed,Active,Sales,Area Sales Manager,John Smith,Internet Search,Needs Improvement,55
"Nguyen, Dheepa",1111030684,GA,30428,3/31/1989,Female,Single,US Citizen,No,Two or more races,7/8/2013,,N/A - still employed,Active,Sales,Area Sales Manager,Lynn Daneault,Pay Per Click - Google,Fully Meets,55
"Onque, Jasmine",1501072180,FL,33174,5/11/1990,Female,Single,US Citizen,Yes,White,9/30/2013,,N/A - still employed,Active,Sales,Area Sales Manager,Lynn Daneault,Pay Per Click - Google,Fully Meets,57
"Ozark, Travis",812011761,NC,27229,5/19/1982,Male,Single,US Citizen,No,White,1/5/2015,,N/A - still employed,Active,Sales,Area Sales Manager,John Smith,Website Banner Ads,90-day meets,55
"Potts, Xana",1102024106,KY,40220,8/29/1988,Female,Married,US Citizen,No,Black or African American,1/9/2012,,N/A - still employed,Active,Sales,Area Sales Manager,Lynn Daneault,Website Banner Ads,Fully Meets,55
"Riordan, Michael",1502072711,ND,58782,1/15/1968,Male,Separated,US Citizen,No,White,1/9/2006,,N/A - still employed,Active,Sales,Area Sales Manager,Lynn Daneault,Billboard,Exceeds,55
"Strong, Caitrin",1411071295,MT,59102,5/12/1989,Female,Married,US Citizen,No,Black or African American,9/27/2010,,N/A - still employed,Active,Sales,Area Sales Manager,John Smith,Professional Society,Fully Meets,54
"Terry, Sharlene",1401064637,OR,97756,5/7/1965,Female,Single,US Citizen,No,Black or African American,9/29/2014,,N/A - still employed,Active,Sales,Area Sales Manager,Lynn Daneault,Monster.com,Fully Meets,55
"Valentin,Jackie",1312063714,AZ,85006,5/23/1991,Female,Married,US Citizen,No,Two or more races,7/5/2011,,N/A - still employed,Active,Sales,Area Sales Manager,John Smith,Other,Fully Meets,55
"Villanueva, Noah",1111030503,ME,4063,7/11/1989,Male,Single,US Citizen,No,Asian,3/5/2012,,N/A - still employed,Active,Sales,Area Sales Manager,John Smith,Website Banner Ads,Fully Meets,56
"Houlihan, Debra",1009021646,RI,2908,3/17/1966,Female,Married,US Citizen,No,White,5/5/2014,,N/A - still employed,Active,Sales,Director of Sales,Janet King,MBTA ads,Fully Meets,60
"Daneault, Lynn",1402065303,VT,5473,4/19/1990,Female,Single,US Citizen,No,White,5/5/2014,,N/A - still employed,Active,Sales,Sales Manager,Debra Houlihan,Pay Per Click - Google,Fully Meets,54
"Kampew, Donysha",1109029264,PA,19444,11/11/1989,Female,Single,US Citizen,No,White,11/7/2011,4/24/2014,maternity leave - did not return,Voluntarily Terminated,Sales,Sales Manager,Debra Houlihan,Social Networks - Facebook Twitter etc,Fully Meets,60.25
"Smith, John",1499902910,MA,1886,8/16/1984,Male,Divorced,US Citizen,No,Black or African American,5/18/2014,,N/A - still employed,Active,Sales,Sales Manager,Debra Houlihan,Diversity Job Fair,Needs Improvement,56
"Andreola, Colby",1107027358,MA,2110,5/24/1979,Female,Single,US Citizen,No,White,11/10/2014,,N/A - still employed,Active,Software Engineering,Software Engineer,Alex Sweetwater,Vendor Referral,Fully Meets,47.6
"Carabbio, Judith",1101023577,MA,2132,4/5/1987,Female,Single,US Citizen,No,White,11/11/2013,,N/A - still employed,Active,Software Engineering,Software Engineer,Alex Sweetwater,Pay Per Click - Google,90-day meets,56
"Del Bosque, Keyla",1203032498,MA,2176,7/5/1979,Female,Single,US Citizen,No,Black or African American,1/9/2012,,N/A - still employed,Active,Software Engineering,Software Engineer,Alex Sweetwater,Monster.com,90-day meets,57.12
"Exantus, Susan",1401064670,MA,1749,5/15/1987,Female,Married,US Citizen,No,Black or African American,5/2/2011,6/5/2013,attendance,Terminated for Cause,Software Engineering,Software Engineer,Alex Sweetwater,Billboard,Needs Improvement,48.5
"Martin, Sandra",1303054625,MA,2135,11/7/1987,Female,Single,US Citizen,No,Asian,11/11/2013,,N/A - still employed,Active,Software Engineering,Software Engineer,Alex Sweetwater,Search Engine - Google Bing Yahoo,Fully Meets,55.51
"Patronick, Luke",1112030979,MA,1844,2/20/1979,Male,Single,US Citizen,No,Asian,11/7/2011,9/7/2015,Another position,Voluntarily Terminated,Software Engineering,Software Engineer,Alex Sweetwater,Diversity Job Fair,Exceeds,52.25
"Saada, Adell",1012023185,MA,2132,7/24/1986,Female,Married,US Citizen,No,White,11/5/2012,,N/A - still employed,Active,Software Engineering,Software Engineer,Alex Sweetwater,Pay Per Click - Google,Fully Meets,49.25
"Szabo, Andrew",1201031324,MA,2140,5/6/1983,Male,Single,US Citizen,No,White,7/7/2014,,N/A - still employed,Active,Software Engineering,Software Engineer,Alex Sweetwater,MBTA ads,Exceptional,48
"True, Edward",1102024057,MA,2451,6/14/1983,Male,Single,Non-Citizen,No,Black or African American,2/18/2013,4/15/2014,medical issues,Voluntarily Terminated,Software Engineering,Software Engineer,Alex Sweetwater,Diversity Job Fair,Fully Meets,45.42
"Sweetwater, Alex",1001644719,MA,2184,11/22/1966,Male,Single,US Citizen,No,White,8/15/2011,,N/A - still employed,Active,Software Engineering,Software Engineering Manager,Jennifer Zamora,Search Engine - Google Bing Yahoo,Fully Meets,27
"Champaigne, Brian",1009919920,MA,2045,2/9/1972,Male,Married,US Citizen,No,White,9/6/2016,,N/A - still employed,Active,IT/IS,BI Director,Jennifer Zamora,Professional Society,Fully Meets,63.5
"Le, Binh",1009919930,MA,1886,6/14/1987,Female,Single,US Citizen,No,Asian,10/2/2016,,N/A - still employed,Active,IT/IS,Senior BI Developer,Brian Champaigne,Indeed,Fully Meets,50.25
"Rachael, Maggie",1009919940,MA,2110,5/12/1980,Female,Married,US Citizen,No,Black or African American,10/2/2016,,N/A - still employed,Active,IT/IS,BI Developer,Brian Champaigne,Indeed,Fully Meets,45
"Roper, Katie",1009919950,MA,2056,11/21/1972,Female,Single,US Citizen,No,Black or African American,1/7/2017,,N/A - still employed,Active,IT/IS,Data Architect,Brian Champaigne,Indeed,Fully Meets,55
"Navathe, Kurt",1009919960,MA,2056,4/25/1970,Male,Single,US Citizen,No,Asian,2/10/2017,,N/A - still employed,Active,IT/IS,Senior BI Developer,Brian Champaigne,Indeed,Fully Meets,52.25
"Wang, Charlie",1009919970,MA,1887,7/8/1981,Male,Single,US Citizen,No,Asian,2/15/2017,,N/A - still employed,Active,IT/IS,Senior BI Developer,Brian Champaigne,Indeed,Fully Meets,51
"Smith, Jason",1009919980,MA,2045,9/4/1983,Male,Single,US Citizen,No,White,2/15/2017,,N/A - still employed,Active,IT/IS,BI Developer,Brian Champaigne,Indeed,Fully Meets,46
"Westinghouse, Matthew",1009919990,MA,2134,10/24/1987,Male,Married,US Citizen,No,White,4/20/2017,,N/A - still employed,Active,IT/IS,BI Developer,Brian Champaigne,Indeed,Fully Meets,45
"Hubert, Robert",1009920000,MA,2134,6/30/1989,Male,Married,US Citizen,No,Black or African American,4/20/2017,,N/A - still employed,Active,IT/IS,BI Developer,Brian Champaigne,Indeed,Fully Meets,45